-- --------------------------------------------------------
-- Host:                         127.0.0.1
-- Server version:               11.5.2-MariaDB - mariadb.org binary distribution
-- Server OS:                    Win64
-- HeidiSQL Version:             12.8.0.6908
-- --------------------------------------------------------

/*!40101 SET @OLD_CHARACTER_SET_CLIENT=@@CHARACTER_SET_CLIENT */;
/*!40101 SET NAMES utf8 */;
/*!50503 SET NAMES utf8mb4 */;
/*!40103 SET @OLD_TIME_ZONE=@@TIME_ZONE */;
/*!40103 SET TIME_ZONE='+00:00' */;
/*!40014 SET @OLD_FOREIGN_KEY_CHECKS=@@FOREIGN_KEY_CHECKS, FOREIGN_KEY_CHECKS=0 */;
/*!40101 SET @OLD_SQL_MODE=@@SQL_MODE, SQL_MODE='NO_AUTO_VALUE_ON_ZERO' */;
/*!40111 SET @OLD_SQL_NOTES=@@SQL_NOTES, SQL_NOTES=0 */;


-- Dumping database structure for works
CREATE DATABASE IF NOT EXISTS `works` /*!40100 DEFAULT CHARACTER SET latin1 COLLATE latin1_swedish_ci */;
USE `works`;

-- Dumping structure for table works.address
CREATE TABLE IF NOT EXISTS `address` (
  `id` bigint(20) NOT NULL AUTO_INCREMENT,
  `street` varchar(150) DEFAULT NULL,
  `city` varchar(50) DEFAULT NULL,
  `country` smallint(6) DEFAULT NULL,
  `number` varchar(20) DEFAULT NULL,
  `zipcode` varchar(7) DEFAULT NULL,
  PRIMARY KEY (`id`)
) ENGINE=InnoDB AUTO_INCREMENT=1040 DEFAULT CHARSET=latin1 COLLATE=latin1_swedish_ci;

-- Dumping data for table works.address: ~103 rows (approximately)
INSERT INTO `address` (`id`, `street`, `city`, `country`, `number`, `zipcode`) VALUES
	(1, 'Le Loi', 'Ho Chi Minh', 84, '123', '70000'),
	(5, '930 Kuphal Plains', 'North Curt', 84, '566', '61334'),
	(6, '680 Schuppe Trafficway', 'Ernashire', 84, '806', '81241'),
	(7, '281 Jacobs Bypass', 'Lake Alfredo', 84, '193', '68367'),
	(8, '90415 Huels Lodge', 'Blairton', 84, '619', '07138'),
	(9, '451 Carroll Lakes', 'Sudiehaven', 84, '685', '52573'),
	(10, '74117 Luigi Mount', 'Schmelerland', 84, '173', '14377'),
	(11, '68258 Bo Fort', 'Lake Krissymouth', 84, '653', '10423'),
	(12, '464 Cedric Turnpike', 'Emmerichstad', 84, '822', '22951'),
	(13, '3963 Concha Track', 'Fisherburgh', 84, '110', '50362'),
	(14, '180 Fredricka Centers', 'Fredricstad', 84, '590', '51466'),
	(15, '50225 Adam Island', 'Romaguerastad', 84, '566', '72086'),
	(16, '575 Tracey Lakes', 'Denesikborough', 84, '503', '28577'),
	(17, '966 Deon Springs', 'Marshallville', 84, '508', '31363'),
	(18, '85870 Rohan Skyway', 'Rennermouth', 84, '68', '21853'),
	(19, '75366 Kreiger Road', 'South Virgina', 84, '498', '62062'),
	(20, '806 Andres Roads', 'West Freedafurt', 84, '972', '35385'),
	(21, '7439 Mante Canyon', 'South Carmineview', 84, '798', '35737'),
	(22, '4140 Heidi Loop', 'North Josefton', 84, '427', '62360'),
	(23, '76669 Christian Plaza', 'Jerdeport', 84, '701', '20468'),
	(24, '42588 Mertz Plain', 'South Willena', 84, '130', '83163'),
	(25, '992 Kessler Avenue', 'Boehmborough', 84, '863', '90189'),
	(26, '58999 Anastacia Terrace', 'Port Berthaburgh', 84, '98', '50243'),
	(27, '01504 Wai Inlet', 'Port Albertobury', 84, '89', '51152'),
	(28, '055 Annie Center', 'Ryanport', 84, '138', '09996'),
	(29, '046 Walker Roads', 'Port Evetteport', 84, '649', '96816'),
	(30, '7601 Anna Plains', 'Pouroschester', 84, '774', '62130'),
	(31, '7556 Murray Landing', 'Lake Stewartside', 84, '736', '02803'),
	(32, '732 Crooks Locks', 'Port Carmanmouth', 84, '269', '88325'),
	(33, '8114 Gwen Drive', 'South Wilbertborough', 84, '401', '60885'),
	(34, '756 Anderson Falls', 'Bartolettichester', 84, '533', '71509'),
	(35, '71041 Lucas Junction', 'New Sherilyntown', 84, '540', '67893'),
	(36, '61775 Genevie Street', 'Kosschester', 84, '459', '95425'),
	(37, '181 Pacocha Islands', 'South Sterling', 84, '140', '26707'),
	(38, '7452 Shayne Ways', 'Harveybury', 84, '957', '33896'),
	(39, '905 Marcy Unions', 'Vonton', 84, '864', '49025'),
	(40, '191 Sawayn Islands', 'Leannonstad', 84, '965', '71728'),
	(41, '8163 Bob Path', 'Pacochabury', 84, '15', '13562'),
	(42, '3694 Jacobs Estate', 'Conchaville', 84, '225', '15540'),
	(43, '27665 Kovacek Stravenue', 'West Jazmin', 84, '684', '33331'),
	(44, '107 Lakeisha Passage', 'Aletheahaven', 84, '703', '15174'),
	(45, '705 Rosalba Squares', 'South Jennifer', 84, '734', '77991'),
	(46, '65623 Russel Well', 'Lake Lani', 84, '553', '15833'),
	(47, '5237 Tim Walks', 'Kshlerinstad', 84, '578', '95092'),
	(48, '021 Jerold Field', 'West Lashelltown', 84, '903', '85773'),
	(49, '107 Kovacek Parkways', 'West Janyce', 84, '121', '38748'),
	(50, '620 Dominick Lights', 'Kunzeville', 84, '657', '84085'),
	(51, '78173 Christin Station', 'East Lawanna', 84, '172', '08295'),
	(52, '57912 Clark Mountain', 'Hintzfurt', 84, '992', '34471'),
	(53, '96970 Galen Divide', 'Konopelskiview', 84, '703', '34496'),
	(54, '3103 Rohan Walk', 'South Beau', 84, '498', '36211'),
	(55, '4176 Hauck Crescent', 'Smithamburgh', 84, '176', '52513'),
	(56, '30037 Mills Square', 'West Freeman', 84, '592', '13943'),
	(57, '3665 Metz Views', 'Oberbrunnerfurt', 84, '752', '84773'),
	(58, '594 Monserrate Mews', 'New Pinkie', 84, '237', '14305'),
	(59, '83585 Schmitt Alley', 'Sherlychester', 84, '657', '15122'),
	(60, '8606 Stokes Ford', 'Port Fannieborough', 84, '464', '20399'),
	(61, '868 Tien Overpass', 'North Clifton', 84, '830', '41127'),
	(62, '400 Lemuel Mountain', 'Connbury', 84, '904', '14889'),
	(63, '3197 Stroman Lane', 'New Jameyport', 84, '500', '84750'),
	(64, '8698 Bauch Oval', 'West Lajuanaview', 84, '382', '22546'),
	(65, '263 Buford Mountains', 'Gastonland', 84, '595', '88203'),
	(66, '011 Johns Gardens', 'Torphyville', 84, '458', '87936'),
	(67, '2088 Al Orchard', 'North Reda', 84, '462', '30334'),
	(68, '9739 Balistreri Locks', 'East Keenanside', 84, '745', '08209'),
	(69, '3053 Leannon Corner', 'North Wanettaborough', 84, '79', '26557'),
	(70, '4710 Vaughn Crest', 'Deonberg', 84, '956', '17816'),
	(71, '36442 Alia Causeway', 'West Art', 84, '542', '02292'),
	(72, '6188 Jacobi Terrace', 'Heribertohaven', 84, '643', '56084'),
	(73, '81124 Julius Valleys', 'North Veta', 84, '104', '13949'),
	(74, '84034 Young Dale', 'Nicolaschester', 84, '712', '56158'),
	(75, '87488 Bogisich Underpass', 'Moenchester', 84, '322', '47462'),
	(76, '1241 Borer Orchard', 'Jeneside', 84, '26', '94302'),
	(77, '886 Curt Crest', 'New Hiediborough', 84, '189', '14748'),
	(78, '582 Emerita Valley', 'Lake Lorrettaville', 84, '914', '57233'),
	(79, '9902 Morar Springs', 'Ankundingmouth', 84, '922', '60972'),
	(80, '7784 Lemuel Streets', 'Herbertview', 84, '897', '92604'),
	(81, '18185 Miquel Center', 'Feeneyland', 84, '615', '22406'),
	(82, '473 Richard Freeway', 'Robbyhaven', 84, '881', '18222'),
	(83, '5219 Jessie Run', 'Port Dylanmouth', 84, '28', '52973'),
	(84, '911 Tromp Brook', 'Ezrahaven', 84, '685', '51275'),
	(85, '1441 Orville Valleys', 'Beauchester', 84, '236', '88183'),
	(86, '07683 Sylvester Mews', 'Mrazton', 84, '436', '86147'),
	(87, '3489 Dicki Divide', 'South Kip', 84, '127', '17336'),
	(88, '77373 Marcus Haven', 'Gonzaloport', 84, '758', '17081'),
	(89, '49191 Will Springs', 'South Colin', 84, '956', '86960'),
	(90, '2042 Gusikowski Vista', 'Kingside', 84, '202', '02348'),
	(91, '5294 Dante Trafficway', 'Lake Joniefort', 84, '592', '34160'),
	(92, '4444 Idell Garden', 'Collinland', 84, '343', '94762'),
	(93, '91193 Chris Avenue', 'Port Delinda', 84, '160', '76807'),
	(94, '42271 Mayert Parkway', 'Borisbury', 84, '222', '30978'),
	(95, '7183 Ofelia Land', 'Batztown', 84, '816', '47125'),
	(96, '988 Stoltenberg Forges', 'Carlottaberg', 84, '9', '13379'),
	(97, '80574 Bosco Pines', 'North Nathanial', 84, '125', '22784'),
	(98, '08526 Pricilla Flats', 'Rayberg', 84, '498', '28634'),
	(99, '63441 Marion Dale', 'Port Doris', 84, '598', '37416'),
	(100, '07797 Leuschke Track', 'West Johnnyfort', 84, '940', '26012'),
	(101, '8540 Mac Walks', 'Nathanshire', 84, '255', '29273'),
	(102, '33456 Haley Pines', 'Diaberg', 84, '279', '30791'),
	(103, '86467 Corwin Lakes', 'Wiltonstad', 84, '582', '81919'),
	(104, '18571 Valeria Village', 'East Vonstad', 84, '357', '54351'),
	(110, 'Ho Chi Minh', 'Ho Chi Minh', 84, '214', '70000'),
	(111, 'Quang Trung', 'HCM', 84, '47', 'B44');

-- Dumping structure for table works.candidate
CREATE TABLE IF NOT EXISTS `candidate` (
  `id` bigint(20) NOT NULL AUTO_INCREMENT,
  `dob` date NOT NULL,
  `email` varchar(255) NOT NULL,
  `full_name` varchar(255) NOT NULL,
  `phone` varchar(15) NOT NULL,
  `address` bigint(20) NOT NULL,
  `password` varchar(100) NOT NULL,
  `status` bit(1) NOT NULL,
  `role` enum('ADMIN','USER') NOT NULL,
  `can_id` bigint(20) NOT NULL,
  PRIMARY KEY (`id`),
  UNIQUE KEY `UK_qfut8ruekode092nlkipgl09g` (`email`),
  UNIQUE KEY `UK_m8qhlm4wu215gr34dhxp0dour` (`address`),
  UNIQUE KEY `UK_9i5yt1gvm0chg5e10qkns7tll` (`phone`),
  KEY `FKpxdl8mh82qxa11aftu6ev3rjg` (`can_id`),
  CONSTRAINT `FKa8gnyyhbb2qnhp94grci1n0o9` FOREIGN KEY (`address`) REFERENCES `address` (`id`)
) ENGINE=InnoDB AUTO_INCREMENT=105 DEFAULT CHARSET=latin1 COLLATE=latin1_swedish_ci;

-- Dumping data for table works.candidate: ~103 rows (approximately)
INSERT INTO `candidate` (`id`, `dob`, `email`, `full_name`, `phone`, `address`, `password`, `status`, `role`, `can_id`) VALUES
	(1, '2000-10-10', 'teo@gmail.com', 'Tran Van Teo', '0123456789', 1, '123456', b'1', 'ADMIN', 0),
	(2, '1963-01-06', 'enid.wilkinson@yahoo.com', 'Edison Wisozk MD', '(786) 678-9448', 5, '123456789', b'1', 'USER', 0),
	(3, '1975-06-18', 'francesco.bahringer@gmail.com', 'Ms. Glen Rowe', '(458) 717-9262', 6, '123456789', b'1', 'USER', 0),
	(4, '1962-09-18', 'lamont.zboncak@yahoo.com', 'Dr. Rodolfo Gleichner', '(305) 206-2237', 7, '123456789', b'1', 'USER', 0),
	(5, '1979-03-02', 'frances.smith@yahoo.com', 'Youlanda Oberbrunner Sr.', '(630) 868-2453', 8, '123456789', b'1', 'USER', 0),
	(6, '1975-12-07', 'annemarie.stiedemann@gmail.com', 'Mr. Sanford Bogisich', '(305) 499-3963', 9, '123456789', b'1', 'USER', 0),
	(7, '1962-05-17', 'jean.cruickshank@hotmail.com', 'Alda Green', '(305) 206-0364', 10, '123456789', b'1', 'USER', 0),
	(8, '2000-01-27', 'jonathon.west@hotmail.com', 'Xavier Stehr', '(730) 246-5926', 11, '123456789', b'1', 'USER', 0),
	(9, '1961-09-03', 'gretta.baumbach@hotmail.com', 'Delora Kreiger V', '(930) 861-8908', 12, '123456789', b'1', 'USER', 0),
	(10, '1994-04-11', 'rosenda.schiller@gmail.com', 'Clementina Roob V', '(983) 421-3143', 13, '123456789', b'1', 'USER', 0),
	(11, '1973-04-25', 'wilton.hackett@gmail.com', 'Mr. Georgianna Ondricka', '(730) 231-9751', 14, '123456789', b'1', 'USER', 0),
	(12, '1964-03-06', 'ronald.runolfsson@yahoo.com', 'Armando Reinger', '(540) 619-6453', 15, '123456789', b'1', 'USER', 0),
	(13, '2006-01-03', 'loan.jenkins@hotmail.com', 'Cecilia Braun', '(872) 862-4282', 16, '123456789', b'1', 'USER', 0),
	(14, '1977-05-17', 'frederic.rau@hotmail.com', 'Barbie Shanahan', '(305) 219-5436', 17, '123456789', b'1', 'USER', 0),
	(15, '1998-08-27', 'jefferey.shanahan@hotmail.com', 'Sung Douglas MD', '(505) 510-7116', 18, '123456789', b'1', 'USER', 0),
	(16, '1982-01-23', 'rosann.mcglynn@yahoo.com', 'Dr. Bettie Yost', '(505) 896-3924', 19, '123456789', b'1', 'USER', 0),
	(17, '1979-07-19', 'jake.stracke@hotmail.com', 'Carmine Baumbach', '(730) 240-1473', 20, '123456789', b'1', 'USER', 0),
	(18, '1954-12-27', 'suzanna.homenick@yahoo.com', 'Kanesha Denesik', '(725) 763-2898', 21, '123456789', b'1', 'USER', 0),
	(19, '1957-10-26', 'donette.streich@hotmail.com', 'Kevin Lind', '(472) 412-5808', 22, '123456789', b'1', 'USER', 0),
	(20, '1996-10-02', 'bob.fisher@yahoo.com', 'Roger Collier', '(983) 995-8331', 23, '123456789', b'1', 'USER', 0),
	(21, '1974-02-09', 'darrin.littel@yahoo.com', 'Jae Kessler', '(276) 210-7941', 24, '123456789', b'1', 'USER', 0),
	(22, '1962-05-29', 'nohemi.vandervort@yahoo.com', 'Ali Langosh', '(730) 647-8238', 25, '123456789', b'1', 'USER', 0),
	(23, '1988-01-21', 'grisel.ziemann@hotmail.com', 'Tracy D\'Amore', '(442) 912-9035', 26, '123456789', b'1', 'USER', 0),
	(24, '2003-10-20', 'mickey.tromp@gmail.com', 'Babette Bailey', '(828) 232-5222', 27, '123456789', b'1', 'USER', 0),
	(25, '1997-06-16', 'bryce.douglas@gmail.com', 'Elwood Abshire', '(730) 205-0751', 28, '123456789', b'1', 'USER', 0),
	(26, '1994-06-17', 'maximo.bergnaum@hotmail.com', 'Piper Schaden', '(472) 268-7748', 29, '123456789', b'1', 'USER', 0),
	(27, '1998-12-29', 'jasper.wolf@gmail.com', 'Ellena Bednar I', '(730) 233-8704', 30, '123456789', b'1', 'USER', 0),
	(28, '1978-01-22', 'julio.murray@hotmail.com', 'Alphonso Harris', '(472) 282-0080', 31, '123456789', b'1', 'USER', 0),
	(29, '1984-11-18', 'alphonso.pollich@gmail.com', 'Roland Thiel', '(305) 224-5957', 32, '123456789', b'1', 'USER', 0),
	(30, '1961-11-27', 'chang.parker@hotmail.com', 'Terrilyn Flatley Sr.', '(505) 918-9540', 33, '123456789', b'1', 'USER', 0),
	(31, '1982-05-21', 'alene.stracke@gmail.com', 'Todd Kuhic', '(283) 479-2232', 34, '123456789', b'1', 'USER', 0),
	(32, '1965-04-02', 'rosella.rodriguez@hotmail.com', 'Carli Oberbrunner DVM', '(726) 684-0189', 35, '123456789', b'1', 'USER', 0),
	(33, '1964-01-24', 'maira.schaefer@gmail.com', 'Casey Sawayn', '(385) 874-8437', 36, '123456789', b'1', 'USER', 0),
	(34, '1994-03-07', 'nicky.funk@hotmail.com', 'Ward Nicolas', '(703) 881-7673', 37, '123456789', b'1', 'USER', 0),
	(35, '1977-12-13', 'tiffiny.hilpert@gmail.com', 'Domenic Ritchie', '(730) 233-5794', 38, '123456789', b'1', 'USER', 0),
	(36, '2000-06-02', 'martin.koepp@yahoo.com', 'Ms. Shawna Haley', '(505) 403-6613', 39, '123456789', b'1', 'USER', 0),
	(37, '1957-08-25', 'albertine.crona@yahoo.com', 'Francesco Kuvalis', '(305) 201-4627', 40, '123456789', b'1', 'USER', 0),
	(38, '1956-06-29', 'terrance.mraz@gmail.com', 'Nicky Sporer', '(914) 328-6520', 41, '123456789', b'1', 'USER', 0),
	(39, '2002-03-04', 'willow.jenkins@yahoo.com', 'Conrad Dare', '(472) 411-2892', 42, '123456789', b'1', 'USER', 0),
	(40, '1979-10-12', 'leslie.rohan@gmail.com', 'Claretta Gutkowski', '(505) 599-5972', 43, '123456789', b'1', 'USER', 0),
	(41, '1967-06-23', 'kanisha.mccullough@hotmail.com', 'Dr. Sherie Waelchi', '(472) 258-2110', 44, '123456789', b'1', 'USER', 0),
	(42, '1972-07-24', 'thomas.oreilly@gmail.com', 'Mariko Romaguera', '(908) 429-6085', 45, '123456789', b'1', 'USER', 0),
	(43, '2004-11-12', 'neal.beer@gmail.com', 'Freddie Harvey', '(505) 898-8405', 46, '123456789', b'1', 'USER', 0),
	(44, '1977-12-09', 'natashia.stark@yahoo.com', 'Vickie McClure', '(305) 206-7805', 47, '123456789', b'1', 'USER', 0),
	(45, '2003-08-17', 'charlene.cruickshank@hotmail.com', 'Billye Kemmer', '(472) 404-9379', 48, '123456789', b'1', 'USER', 0),
	(46, '2005-10-19', 'garret.grimes@hotmail.com', 'Assunta Fadel', '(443) 422-3085', 49, '123456789', b'1', 'USER', 0),
	(47, '1999-05-29', 'karl.hermann@yahoo.com', 'Jovita Becker', '(915) 268-4538', 50, '123456789', b'1', 'USER', 0),
	(48, '1963-11-14', 'shawana.collins@yahoo.com', 'Ivory Grant', '(989) 882-6096', 51, '123456789', b'1', 'USER', 0),
	(49, '1979-02-26', 'tony.watsica@gmail.com', 'Vina Herzog', '(850) 498-2357', 52, '123456789', b'1', 'USER', 0),
	(50, '1973-01-26', 'karolyn.wuckert@yahoo.com', 'Bulah Barton II', '(305) 866-7033', 53, '123456789', b'1', 'USER', 0),
	(51, '1968-04-20', 'christeen.halvorson@hotmail.com', 'Mary Beahan', '(424) 878-4333', 54, '123456789', b'1', 'USER', 0),
	(52, '1978-01-19', 'mindi.walsh@gmail.com', 'Shawnda Mayert I', '(386) 292-8315', 55, '123456789', b'1', 'USER', 0),
	(53, '1959-08-24', 'anibal.quigley@yahoo.com', 'Marty Bechtelar', '(472) 284-1969', 56, '123456789', b'1', 'USER', 0),
	(54, '1969-01-29', 'olen.dubuque@gmail.com', 'Lucas Marvin', '(983) 336-4995', 57, '123456789', b'1', 'USER', 0),
	(55, '2000-03-14', 'houston.kunde@yahoo.com', 'Calvin Jacobson', '(501) 477-1679', 58, '123456789', b'1', 'USER', 0),
	(56, '1971-09-09', 'ed.kris@yahoo.com', 'Florencia Reinger DDS', '(504) 584-5092', 59, '123456789', b'1', 'USER', 0),
	(57, '1994-02-02', 'jonelle.hamill@yahoo.com', 'Mika Labadie', '(505) 622-1211', 60, '123456789', b'1', 'USER', 0),
	(58, '1961-09-03', 'clayton.rippin@gmail.com', 'Kai Sipes', '(730) 239-1372', 61, '123456789', b'1', 'USER', 0),
	(59, '1998-10-29', 'catheryn.morissette@yahoo.com', 'Nellie Koepp', '(424) 783-8160', 62, '123456789', b'1', 'USER', 0),
	(60, '1965-03-31', 'cira.gottlieb@yahoo.com', 'Rosalee Auer', '(505) 648-7151', 63, '123456789', b'1', 'USER', 0),
	(61, '1964-12-26', 'carlo.streich@yahoo.com', 'Ms. Katheryn Ullrich', '(730) 612-0174', 64, '123456789', b'1', 'USER', 0),
	(62, '1958-03-28', 'maria.hudson@yahoo.com', 'Ms. Arlene Kunde', '(561) 445-3926', 65, '123456789', b'1', 'USER', 0),
	(63, '1969-07-10', 'modesto.hauck@hotmail.com', 'Zelma Schaden', '(983) 782-4791', 66, '123456789', b'1', 'USER', 0),
	(64, '1998-12-31', 'sergio.kessler@gmail.com', 'Dr. Kris Labadie', '(505) 481-8548', 67, '123456789', b'1', 'USER', 0),
	(65, '1969-10-16', 'lasandra.muller@hotmail.com', 'Mr. Rodger Hettinger', '(730) 210-2797', 68, '123456789', b'1', 'USER', 0),
	(66, '1963-01-17', 'olin.kiehn@yahoo.com', 'Miss Billie Mertz', '(730) 659-2940', 69, '123456789', b'1', 'USER', 0),
	(67, '1983-07-19', 'patrina.fahey@yahoo.com', 'Jacquelynn Murphy', '(505) 208-9259', 70, '123456789', b'1', 'USER', 0),
	(68, '1981-08-07', 'laurel.hyatt@yahoo.com', 'Verline Lueilwitz', '(730) 211-0572', 71, '123456789', b'1', 'USER', 0),
	(69, '1967-01-11', 'tyson.roberts@gmail.com', 'Clorinda West', '(305) 202-1691', 72, '123456789', b'1', 'USER', 0),
	(70, '1970-01-11', 'sam.konopelski@gmail.com', 'Lavette Koelpin IV', '(320) 714-5201', 73, '123456789', b'1', 'USER', 0),
	(71, '1985-07-22', 'miles.block@hotmail.com', 'Dr. Darrel Osinski', '(305) 206-5105', 74, '123456789', b'1', 'USER', 0),
	(72, '1973-02-25', 'julee.daugherty@gmail.com', 'Miss Delpha Lehner', '(730) 237-5266', 75, '123456789', b'1', 'USER', 0),
	(73, '1999-03-20', 'brittany.oreilly@hotmail.com', 'Cleotilde Feil', '(680) 689-9395', 76, '123456789', b'1', 'USER', 0),
	(74, '1962-12-24', 'max.moen@hotmail.com', 'Mr. Luciano DuBuque', '(774) 336-9433', 77, '123456789', b'1', 'USER', 0),
	(75, '1975-08-29', 'ramonita.welch@hotmail.com', 'Latosha Tillman II', '(631) 662-7359', 78, '123456789', b'1', 'USER', 0),
	(76, '1968-11-30', 'danuta.waters@yahoo.com', 'Quincy Jacobson', '(505) 659-5693', 79, '123456789', b'1', 'USER', 0),
	(77, '1973-12-16', 'colleen.kirlin@yahoo.com', 'Ms. Susanne Tremblay', '(730) 672-0508', 80, '123456789', b'1', 'USER', 0),
	(78, '1995-06-23', 'jae.macejkovic@yahoo.com', 'Bruce Upton', '(305) 206-2895', 81, '123456789', b'1', 'USER', 0),
	(79, '1985-03-07', 'kesha.jones@yahoo.com', 'Ilda Fadel', '(936) 245-7152', 82, '123456789', b'1', 'USER', 0),
	(80, '1992-03-18', 'zoila.koss@hotmail.com', 'Elouise Corkery', '(757) 288-7170', 83, '123456789', b'1', 'USER', 0),
	(81, '1960-09-13', 'bobbi.gislason@hotmail.com', 'Russell Ullrich Jr.', '(983) 917-3337', 84, '123456789', b'1', 'USER', 0),
	(82, '1999-07-17', 'kathleen.rosenbaum@hotmail.com', 'Joellen Reichert', '(754) 406-1196', 85, '123456789', b'1', 'USER', 0),
	(83, '1994-02-05', 'oren.collier@gmail.com', 'Conrad Ryan DVM', '(520) 874-9743', 86, '123456789', b'1', 'USER', 0),
	(84, '1987-08-08', 'lorinda.gutmann@gmail.com', 'Yong Runte', '(423) 823-6514', 87, '123456789', b'1', 'USER', 0),
	(85, '1963-09-28', 'leisha.bogisich@yahoo.com', 'Josef Deckow', '(730) 230-2751', 88, '123456789', b'1', 'USER', 0),
	(86, '1986-01-16', 'wilber.langosh@hotmail.com', 'Dr. Jin Jaskolski', '(731) 249-0370', 89, '123456789', b'1', 'USER', 0),
	(87, '1981-01-20', 'wilhemina.weber@gmail.com', 'Adriane Conroy', '(983) 420-6713', 90, '123456789', b'1', 'USER', 0),
	(88, '1995-02-20', 'regena.tromp@gmail.com', 'Robbyn Cummings', '(901) 904-7778', 91, '123456789', b'1', 'USER', 0),
	(89, '1962-11-09', 'kirsten.legros@gmail.com', 'Tameika Price', '(831) 602-1641', 92, '123456789', b'1', 'USER', 0),
	(90, '1988-04-15', 'jc.dibbert@yahoo.com', 'Dorinda Armstrong IV', '(472) 440-6245', 93, '123456789', b'1', 'USER', 0),
	(91, '1984-03-30', 'natalia.daniel@gmail.com', 'Katherine Kling', '(865) 205-9718', 94, '123456789', b'1', 'USER', 0),
	(92, '1964-12-09', 'rayford.ritchie@hotmail.com', 'Lamont Lueilwitz', '(505) 664-2396', 95, '123456789', b'1', 'USER', 0),
	(93, '1955-09-11', 'ilse.thiel@hotmail.com', 'Noelia Kiehn', '(305) 208-0151', 96, '123456789', b'1', 'USER', 0),
	(94, '1963-03-05', 'ollie.dare@hotmail.com', 'Ms. Chery Wisoky', '(730) 204-6646', 97, '123456789', b'1', 'USER', 0),
	(95, '1996-11-30', 'valentine.paucek@yahoo.com', 'Joanie Wunsch Jr.', '(986) 576-0953', 98, '123456789', b'1', 'USER', 0),
	(96, '1979-11-19', 'taylor.welch@hotmail.com', 'Mrs. Reynaldo Cole', '(472) 237-8392', 99, '123456789', b'1', 'USER', 0),
	(97, '1964-12-13', 'sandy.pacocha@hotmail.com', 'Noelle Rempel', '(305) 257-1175', 100, '123456789', b'1', 'USER', 0),
	(98, '1997-05-26', 'roy.morar@yahoo.com', 'Delta Murray DVM', '(305) 205-2427', 101, '123456789', b'1', 'USER', 0),
	(99, '1995-10-30', 'tresa.price@hotmail.com', 'Zackary O\'Connell MD', '(730) 638-9402', 102, '123456789', b'1', 'USER', 0),
	(100, '1982-01-19', 'edwardo.strosin@gmail.com', 'Yi Brekke', '(505) 218-4151', 103, '123456789', b'1', 'USER', 0),
	(101, '1959-08-11', 'jeanene.leannon@hotmail.com', 'Long Hamill', '(305) 202-6185', 104, '123456789', b'1', 'USER', 0),
	(103, '2000-12-05', 'a@gmail.com', 'Nguyen Van A', '0864213579', 110, '123', b'1', 'ADMIN', 0),
	(104, '2003-04-05', 'tqbao44@gmail.com', 'Truong Quoc Bao', '0762818855', 111, '123', b'1', 'USER', 0);

-- Dumping structure for table works.candidate_skill
CREATE TABLE IF NOT EXISTS `candidate_skill` (
  `more_infos` varchar(1000) DEFAULT NULL,
  `skill_level` tinyint(4) NOT NULL CHECK (`skill_level` between 0 and 4),
  `skill_id` bigint(20) NOT NULL,
  `can_id` bigint(20) NOT NULL,
  PRIMARY KEY (`can_id`,`skill_id`),
  KEY `FKb7cxhiqhcah7c20a2cdlvr1f8` (`skill_id`),
  CONSTRAINT `FKb0m5tm3fi0upa3b3kjx3vrlxs` FOREIGN KEY (`can_id`) REFERENCES `candidate` (`id`),
  CONSTRAINT `FKb7cxhiqhcah7c20a2cdlvr1f8` FOREIGN KEY (`skill_id`) REFERENCES `skill` (`skill_id`)
) ENGINE=InnoDB DEFAULT CHARSET=latin1 COLLATE=latin1_swedish_ci;

-- Dumping data for table works.candidate_skill: ~292 rows (approximately)
INSERT INTO `candidate_skill` (`more_infos`, `skill_level`, `skill_id`, `can_id`) VALUES
	('Intermediate knowledge of Python for data analysis.', 1, 1, 2),
	('Intermediate knowledge of Python for data analysis.', 1, 15, 2),
	('Experienced with Java development.', 4, 20, 2),
	('Intermediate knowledge of Python for data analysis.', 1, 7, 3),
	('Intermediate knowledge of Python for data analysis.', 3, 14, 3),
	('Intermediate knowledge of Python for data analysis.', 1, 7, 4),
	('Experienced with Java development.', 4, 9, 4),
	('Proficient in React and React Native', 0, 13, 4),
	('Proficient in React and React Native', 4, 2, 5),
	(NULL, 3, 17, 5),
	(NULL, 0, 21, 5),
	('Proficient in React and React Native', 0, 6, 6),
	(NULL, 0, 19, 6),
	(NULL, 2, 19, 7),
	('Intermediate knowledge of Python for data analysis.', 2, 5, 8),
	(NULL, 3, 15, 8),
	('Proficient in React and React Native', 2, 16, 8),
	(NULL, 1, 17, 8),
	('Proficient in React and React Native', 2, 1, 9),
	(NULL, 1, 2, 9),
	('Intermediate knowledge of Python for data analysis.', 3, 5, 9),
	(NULL, 3, 11, 9),
	('Proficient in React and React Native', 3, 21, 9),
	(NULL, 2, 5, 10),
	('Proficient in React and React Native', 4, 6, 10),
	(NULL, 3, 11, 10),
	(NULL, 4, 17, 10),
	('Intermediate knowledge of Python for data analysis.', 3, 16, 11),
	(NULL, 1, 21, 11),
	('Intermediate knowledge of Python for data analysis.', 3, 9, 12),
	(NULL, 3, 17, 12),
	('Intermediate knowledge of Python for data analysis.', 0, 21, 12),
	(NULL, 2, 22, 12),
	(NULL, 4, 20, 13),
	('Intermediate knowledge of Python for data analysis.', 4, 3, 14),
	(NULL, 2, 4, 14),
	(NULL, 3, 18, 14),
	('Experienced with Java development.', 3, 5, 15),
	(NULL, 2, 8, 15),
	('Intermediate knowledge of Python for data analysis.', 4, 9, 15),
	(NULL, 3, 12, 15),
	('Proficient in React and React Native', 3, 5, 16),
	(NULL, 1, 3, 17),
	(NULL, 3, 14, 17),
	('Intermediate knowledge of Python for data analysis.', 3, 16, 17),
	(NULL, 0, 19, 17),
	('Proficient in React and React Native', 4, 6, 18),
	(NULL, 1, 7, 18),
	(NULL, 4, 8, 18),
	('Experienced with Java development.', 0, 18, 18),
	(NULL, 3, 21, 18),
	(NULL, 2, 5, 19),
	('Intermediate knowledge of Python for data analysis.', 2, 1, 20),
	(NULL, 1, 6, 20),
	('Intermediate knowledge of Python for data analysis.', 4, 17, 20),
	(NULL, 0, 19, 20),
	(NULL, 1, 19, 21),
	('Intermediate knowledge of Python for data analysis.', 3, 20, 21),
	(NULL, 2, 7, 22),
	('Intermediate knowledge of Python for data analysis.', 1, 8, 22),
	('Experienced with Java development.', 1, 10, 22),
	(NULL, 2, 13, 22),
	('Experienced with Java development.', 1, 8, 23),
	(NULL, 3, 12, 23),
	(NULL, 2, 22, 23),
	('Intermediate knowledge of Python for data analysis.', 4, 4, 24),
	(NULL, 3, 16, 24),
	('Proficient in React and React Native', 1, 22, 24),
	(NULL, 0, 2, 25),
	(NULL, 1, 4, 25),
	(NULL, 0, 11, 25),
	('Experienced with Java development.', 4, 20, 25),
	(NULL, 0, 3, 26),
	(NULL, 1, 4, 26),
	('Intermediate knowledge of Python for data analysis.', 0, 11, 26),
	('Proficient in React and React Native', 4, 15, 26),
	(NULL, 2, 19, 26),
	('Proficient in React and React Native', 3, 18, 27),
	('Proficient in React and React Native', 3, 2, 28),
	(NULL, 4, 6, 28),
	('Intermediate knowledge of Python for data analysis.', 0, 16, 28),
	(NULL, 0, 18, 28),
	(NULL, 1, 7, 29),
	(NULL, 0, 10, 29),
	(NULL, 0, 20, 29),
	('Proficient in React and React Native', 1, 11, 30),
	(NULL, 2, 8, 31),
	(NULL, 4, 9, 31),
	('Proficient in React and React Native', 4, 10, 31),
	('Experienced with Java development.', 1, 15, 31),
	(NULL, 2, 2, 32),
	('Intermediate knowledge of Python for data analysis.', 0, 12, 32),
	('Experienced with Java development.', 1, 14, 32),
	(NULL, 0, 19, 32),
	(NULL, 0, 3, 33),
	('Proficient in React and React Native', 3, 6, 33),
	('Experienced with Java development.', 0, 13, 33),
	(NULL, 0, 22, 33),
	(NULL, 3, 1, 34),
	('Experienced with Java development.', 0, 3, 34),
	(NULL, 2, 19, 34),
	('Intermediate knowledge of Python for data analysis.', 2, 7, 35),
	(NULL, 0, 18, 35),
	(NULL, 2, 14, 36),
	('Experienced with Java development.', 2, 2, 37),
	('Proficient in React and React Native', 0, 5, 37),
	(NULL, 2, 6, 37),
	('Experienced with Java development.', 4, 16, 37),
	(NULL, 3, 22, 37),
	(NULL, 0, 11, 38),
	(NULL, 1, 14, 38),
	(NULL, 3, 17, 38),
	(NULL, 3, 22, 38),
	('Experienced with Java development.', 1, 1, 39),
	(NULL, 0, 4, 39),
	('Proficient in React and React Native', 2, 13, 39),
	(NULL, 0, 17, 39),
	(NULL, 2, 1, 40),
	('Proficient in React and React Native', 4, 21, 40),
	(NULL, 2, 9, 41),
	(NULL, 4, 21, 41),
	('Proficient in React and React Native', 1, 9, 42),
	(NULL, 3, 17, 42),
	(NULL, 3, 1, 43),
	('Proficient in React and React Native', 2, 3, 43),
	('Experienced with Java development.', 0, 8, 43),
	(NULL, 4, 11, 44),
	(NULL, 3, 15, 44),
	(NULL, 2, 3, 45),
	(NULL, 4, 12, 45),
	('Proficient in React and React Native', 3, 13, 45),
	('Proficient in React and React Native', 4, 6, 46),
	(NULL, 0, 2, 47),
	(NULL, 2, 3, 47),
	('Experienced with Java development.', 0, 22, 47),
	(NULL, 1, 7, 48),
	(NULL, 0, 18, 48),
	('Proficient in React and React Native', 1, 1, 49),
	(NULL, 1, 8, 49),
	(NULL, 0, 20, 49),
	('Experienced with Java development.', 2, 22, 49),
	(NULL, 2, 2, 50),
	(NULL, 3, 7, 50),
	(NULL, 3, 16, 50),
	('Proficient in React and React Native', 0, 1, 51),
	('Proficient in React and React Native', 1, 5, 51),
	(NULL, 2, 19, 51),
	(NULL, 2, 15, 52),
	(NULL, 3, 2, 53),
	('Experienced with Java development.', 4, 7, 53),
	('Proficient in React and React Native', 4, 10, 53),
	(NULL, 2, 4, 54),
	(NULL, 3, 7, 54),
	(NULL, 2, 12, 54),
	(NULL, 1, 14, 54),
	('Intermediate knowledge of Python for data analysis.', 3, 19, 54),
	(NULL, 4, 19, 55),
	(NULL, 2, 2, 56),
	(NULL, 4, 5, 56),
	('Experienced with Java development.', 0, 1, 57),
	('Proficient in React and React Native', 1, 2, 57),
	(NULL, 2, 10, 57),
	('Intermediate knowledge of Python for data analysis.', 1, 4, 58),
	(NULL, 0, 10, 58),
	(NULL, 3, 3, 59),
	(NULL, 4, 18, 59),
	(NULL, 4, 19, 59),
	('Intermediate knowledge of Python for data analysis.', 0, 1, 60),
	('Proficient in React and React Native', 1, 4, 60),
	(NULL, 0, 13, 60),
	(NULL, 1, 14, 60),
	('Experienced with Java development.', 2, 6, 61),
	(NULL, 0, 8, 62),
	(NULL, 4, 15, 62),
	('Proficient in React and React Native', 3, 17, 62),
	(NULL, 2, 20, 62),
	(NULL, 1, 1, 63),
	('Proficient in React and React Native', 3, 6, 63),
	(NULL, 0, 12, 63),
	('Intermediate knowledge of Python for data analysis.', 1, 16, 63),
	(NULL, 4, 14, 64),
	(NULL, 3, 12, 65),
	(NULL, 2, 8, 66),
	('Experienced with Java development.', 3, 9, 66),
	(NULL, 3, 22, 66),
	(NULL, 0, 1, 67),
	(NULL, 3, 9, 67),
	('Intermediate knowledge of Python for data analysis.', 4, 10, 67),
	(NULL, 4, 19, 67),
	(NULL, 1, 21, 67),
	(NULL, 3, 3, 68),
	(NULL, 3, 4, 68),
	('Experienced with Java development.', 0, 8, 69),
	(NULL, 3, 19, 69),
	(NULL, 1, 20, 69),
	(NULL, 1, 21, 69),
	('Proficient in React and React Native', 3, 22, 69),
	(NULL, 4, 9, 70),
	(NULL, 4, 10, 70),
	('Intermediate knowledge of Python for data analysis.', 1, 22, 70),
	(NULL, 2, 3, 71),
	(NULL, 1, 12, 71),
	(NULL, 1, 18, 71),
	('Experienced with Java development.', 1, 21, 71),
	(NULL, 2, 3, 72),
	(NULL, 1, 8, 72),
	('Experienced with Java development.', 3, 9, 72),
	(NULL, 3, 16, 72),
	('Proficient in React and React Native', 1, 7, 73),
	(NULL, 2, 8, 73),
	('Experienced with Java development.', 2, 12, 73),
	(NULL, 1, 2, 74),
	('Experienced with Java development.', 0, 3, 74),
	(NULL, 1, 8, 74),
	('Intermediate knowledge of Python for data analysis.', 3, 12, 75),
	('Experienced with Java development.', 2, 17, 75),
	(NULL, 4, 19, 75),
	('Proficient in React and React Native', 2, 20, 75),
	(NULL, 2, 2, 76),
	('Experienced with Java development.', 2, 16, 76),
	(NULL, 1, 19, 76),
	('Experienced with Java development.', 3, 2, 77),
	('Intermediate knowledge of Python for data analysis.', 0, 17, 77),
	(NULL, 4, 20, 77),
	(NULL, 2, 9, 78),
	('Experienced with Java development.', 3, 20, 78),
	(NULL, 1, 17, 79),
	(NULL, 0, 9, 80),
	('Experienced with Java development.', 2, 4, 81),
	(NULL, 4, 7, 82),
	('Experienced with Java development.', 2, 11, 82),
	(NULL, 1, 15, 82),
	('Proficient in React and React Native', 0, 19, 82),
	(NULL, 1, 20, 82),
	(NULL, 3, 1, 83),
	('Experienced with Java development.', 1, 10, 83),
	('Proficient in React and React Native', 4, 12, 83),
	(NULL, 2, 13, 83),
	(NULL, 1, 20, 83),
	('Experienced with Java development.', 4, 3, 84),
	('Intermediate knowledge of Python for data analysis.', 4, 12, 84),
	(NULL, 4, 17, 84),
	(NULL, 2, 22, 84),
	(NULL, 1, 5, 85),
	('Experienced with Java development.', 3, 6, 85),
	(NULL, 0, 11, 85),
	('Experienced with Java development.', 4, 16, 85),
	('Proficient in React and React Native', 1, 2, 86),
	(NULL, 3, 5, 86),
	('Intermediate knowledge of Python for data analysis.', 2, 10, 86),
	(NULL, 1, 22, 86),
	(NULL, 1, 22, 87),
	(NULL, 1, 3, 88),
	('Proficient in React and React Native', 1, 6, 88),
	(NULL, 3, 19, 88),
	('Intermediate knowledge of Python for data analysis.', 3, 2, 89),
	(NULL, 3, 5, 89),
	('Experienced with Java development.', 2, 6, 89),
	(NULL, 0, 14, 89),
	(NULL, 0, 18, 89),
	(NULL, 3, 9, 90),
	('Intermediate knowledge of Python for data analysis.', 3, 10, 90),
	('Experienced with Java development.', 3, 17, 90),
	(NULL, 0, 21, 90),
	('Experienced with Java development.', 4, 22, 90),
	('Experienced with Java development.', 0, 19, 91),
	('Proficient in React and React Native', 3, 20, 91),
	(NULL, 1, 3, 92),
	('Intermediate knowledge of Python for data analysis.', 4, 8, 92),
	(NULL, 1, 18, 93),
	('Experienced with Java development.', 4, 6, 94),
	(NULL, 3, 15, 94),
	(NULL, 4, 20, 94),
	('Experienced with Java development.', 1, 4, 95),
	('Intermediate knowledge of Python for data analysis.', 1, 18, 95),
	('Experienced with Java development.', 2, 5, 96),
	(NULL, 3, 11, 96),
	('Experienced with Java development.', 4, 12, 96),
	(NULL, 4, 15, 96),
	('Intermediate knowledge of Python for data analysis.', 1, 21, 96),
	(NULL, 0, 13, 97),
	('Experienced with Java development.', 4, 21, 97),
	(NULL, 1, 11, 98),
	('Experienced with Java development.', 4, 20, 98),
	('Experienced with Java development.', 4, 1, 99),
	('Experienced with Java development.', 2, 6, 99),
	('Experienced with Java development.', 0, 15, 99),
	(NULL, 0, 11, 103),
	('Intermediate knowledge of Python for data analysis.', 3, 18, 103),
	('Experienced with Java development.', 2, 6, 104),
	('Intermediate knowledge of Python for data analysis.', 4, 21, 104),
	('Proficient in React and React Native', 1, 23, 104);

-- Dumping structure for table works.company
CREATE TABLE IF NOT EXISTS `company` (
  `comp_id` bigint(20) NOT NULL AUTO_INCREMENT,
  `about` varchar(2000) DEFAULT NULL,
  `email` varchar(255) NOT NULL,
  `comp_name` varchar(255) NOT NULL,
  `phone` varchar(255) NOT NULL,
  `web_url` varchar(255) DEFAULT NULL,
  `address` bigint(20) NOT NULL,
  `com_id` bigint(20) NOT NULL,
  PRIMARY KEY (`comp_id`),
  UNIQUE KEY `UK_rvp2hunsq4sgmpxe3a7i1ym3m` (`address`),
  KEY `FKka5mvh7njr6anbfailkwbln58` (`com_id`),
  CONSTRAINT `FKd5occp4cjwihejbxdbpvkp5tv` FOREIGN KEY (`address`) REFERENCES `address` (`id`)
) ENGINE=InnoDB AUTO_INCREMENT=101 DEFAULT CHARSET=latin1 COLLATE=latin1_swedish_ci;

-- Dumping data for table works.company: ~65 rows (approximately)
INSERT INTO `company` (`comp_id`, `about`, `email`, `comp_name`, `phone`, `web_url`, `address`, `com_id`) VALUES
	(1, 'Leading the way in e-commerce innovation', 'millard.block@gmail.com', 'Weissnat Group', '(305) 252-4437', 'www.rolfsonwalkerandturner.org', 32, 0),
	(2, 'Global shipping and logistics made simple', 'melida.howe@yahoo.com', 'Baumbach-Pfeffer', '(505) 516-5956', 'www.bogisichgroup.org', 94, 0),
	(3, 'Expert solutions in financial consulting', 'terrell.cremin@hotmail.com', 'Dooley-Kshlerin', '(458) 448-3141', 'www.gradygroup.org', 1, 0),
	(4, 'Crafting custom furniture for modern living', 'myrta.hudson@hotmail.com', 'Schuster, Hammes and Davis', '(505) 511-7452', 'www.croningutmannandwalker.com', 72, 0),
	(5, 'Premium provider of luxury fashion and apparel', 'laurence.schmeler@hotmail.com', 'Bins, Kling and Hoeger', '(847) 693-2436', 'www.emmerichhayesandmueller.name', 50, 0),
	(6, 'Innovators in sustainable agriculture', 'mathew.gleason@yahoo.com', 'Hodkiewicz LLC', '(369) 640-9817', 'www.morarinc.biz', 45, 0),
	(8, 'Providing innovative biotech solutions', 'estelle.corkery@gmail.com', 'Rowe-Sipes', '(505) 843-2074', 'www.jonesinc.com', 30, 0),
	(9, 'Your trusted partner in home security', 'virgie.swaniawski@yahoo.com', 'Lueilwitz-Reichel', '(472) 411-9784', 'www.fay-harris.info', 26, 0),
	(10, 'Revolutionizing education with online platforms', 'ahmad.lubowitz@yahoo.com', 'Mosciski, Volkman and Herzog', '(505) 607-8618', 'www.boehmgroup.com', 53, 0),
	(11, 'Innovators in sustainable agriculture', 'shirley.torphy@yahoo.com', 'Mante Inc', '(828) 389-1879', 'www.marquardt-roob.org', 97, 0),
	(13, 'Leading the way in e-commerce innovation', 'renaldo.dicki@gmail.com', 'Bahringer Inc', '(405) 274-0964', 'www.fritschtoyandschroeder.name', 39, 0),
	(14, 'World-class travel experiences tailored to you', 'del.beatty@yahoo.com', 'Christiansen-Gerhold', '(730) 202-6440', 'www.harbergroup.name', 17, 0),
	(15, 'Crafting custom furniture for modern living', 'ramon.kerluke@gmail.com', 'Pacocha, Brakus and Waters', '(680) 336-0613', 'www.emmerich-cremin.name', 37, 0),
	(16, 'Dedicated to delivering sustainable construction projects', 'francisca.kirlin@gmail.com', 'Daniel, Morar and Trantow', '(231) 208-1906', 'www.goodwin-runolfsdottir.name', 81, 0),
	(17, 'Global shipping and logistics made simple', 'vicky.feest@gmail.com', 'Schmitt LLC', '(472) 240-1331', 'www.schimmelblickandweimann.biz', 102, 0),
	(18, 'Your trusted partner in home security', 'humberto.davis@hotmail.com', 'Boyer, Harber and Reichert', '(480) 316-7536', 'www.corwinllc.org', 92, 0),
	(19, 'World-class travel experiences tailored to you', 'donna.ondricka@hotmail.com', 'O\'Kon-Gibson', '(505) 374-6057', 'www.wintheiser-lowe.org', 77, 0),
	(20, 'Revolutionizing education with online platforms', 'brice.gutkowski@yahoo.com', 'Weissnat, Stark and Wilkinson', '(730) 243-9275', 'www.sauerbrownandblock.io', 71, 0),
	(21, 'Expert solutions in financial consulting', 'debrah.west@yahoo.com', 'Bode Group', '(730) 215-5547', 'www.huelsboyerandmccullough.org', 95, 0),
	(22, 'Pioneering advancements in AI and machine learning', 'sharika.osinski@yahoo.com', 'Fisher, Stoltenberg and Ondricka', '(730) 698-9793', 'www.keeblerlebsackandankunding.io', 9, 0),
	(23, 'Creating next-gen gaming experiences', 'toni.mueller@hotmail.com', 'Crooks LLC', '(505) 260-2203', 'www.bahringer-dickens.org', 88, 0),
	(26, 'Crafting custom furniture for modern living', 'elease.block@hotmail.com', 'Welch-Emard', '(730) 682-6278', 'www.maggioleannonandortiz.info', 13, 0),
	(27, 'Revolutionizing education with online platforms', 'maybell.abshire@hotmail.com', 'Kertzmann Inc', '(302) 765-8856', 'www.boyer-stark.info', 48, 0),
	(29, 'Pioneering advancements in AI and machine learning', 'audrie.corkery@yahoo.com', 'Gorczany-Runolfsson', '(505) 644-1168', 'www.kulasshanahanandebert.biz', 61, 0),
	(30, 'Providing innovative biotech solutions', 'angel.williamson@hotmail.com', 'Spencer and Sons', '(505) 866-0059', 'www.mckenziebaileyandhirthe.com', 46, 0),
	(31, 'Dedicated to delivering sustainable construction projects', 'raleigh.powlowski@hotmail.com', 'Aufderhar and Sons', '(713) 959-1470', 'www.beattygroup.org', 7, 0),
	(32, 'Expert solutions in financial consulting', 'emmanuel.zboncak@hotmail.com', 'Sawayn, Hermiston and Yundt', '(983) 792-2051', 'www.labadie-kessler.net', 47, 0),
	(33, 'Your trusted partner in home security', 'rhett.wintheiser@hotmail.com', 'Carter, Borer and Block', '(256) 627-9891', 'www.labadiellc.name', 79, 0),
	(34, 'Pioneering advancements in AI and machine learning', 'paulette.little@gmail.com', 'Ondricka, King and Dooley', '(730) 212-0272', 'www.greenfelderinc.net', 55, 0),
	(35, 'World-class travel experiences tailored to you', 'hettie.feest@hotmail.com', 'Bahringer-Treutel', '(472) 276-3819', 'www.borerandsons.info', 21, 0),
	(36, 'Global shipping and logistics made simple', 'donnell.mosciski@gmail.com', 'Jacobson, Moore and Quigley', '(730) 238-5598', 'www.gislasonwalkerandemmerich.com', 65, 0),
	(37, 'Creating next-gen gaming experiences', 'my.beahan@gmail.com', 'Bayer, Welch and Trantow', '(472) 240-6057', 'www.littelcrooksandprosacco.org', 40, 0),
	(38, 'Pioneering advancements in AI and machine learning', 'maryalice.langosh@yahoo.com', 'Erdman and Sons', '(540) 872-4944', 'www.parisiankoelpinandgaylord.net', 89, 0),
	(39, 'Providing innovative biotech solutions', 'cecil.king@gmail.com', 'Bayer-Treutel', '(730) 648-4628', 'www.casperandsons.org', 10, 0),
	(40, 'Pioneering advancements in AI and machine learning', 'rodrick.bogisich@hotmail.com', 'Thompson-Schinner', '(983) 469-3428', 'www.heaneywisokyandmayer.net', 34, 0),
	(43, 'Pioneering advancements in AI and machine learning', 'rueben.schinner@gmail.com', 'Metz-Schultz', '(305) 285-0463', 'www.johnstonllc.org', 67, 0),
	(44, 'Global shipping and logistics made simple', 'claudia.dooley@gmail.com', 'Schultz, Leffler and Daugherty', '(305) 249-1765', 'www.brekke-sawayn.io', 59, 0),
	(47, 'Empowering businesses with digital transformation', 'cathy.russel@yahoo.com', 'Schiller and Sons', '(484) 628-5438', 'www.cummerata-raynor.info', 51, 0),
	(48, 'Revolutionizing education with online platforms', 'paul.stiedemann@gmail.com', 'Gerlach Group', '(730) 607-2545', 'www.gutmann-ohara.biz', 100, 0),
	(49, 'Pioneering advancements in AI and machine learning', 'maria.davis@gmail.com', 'Towne LLC', '(424) 257-2280', 'www.heathcoteandsons.name', 93, 0),
	(50, 'Leading the way in e-commerce innovation', 'abram.pagac@gmail.com', 'Schmidt, Wehner and Greenfelder', '(425) 266-1954', 'www.nolandouglasandhermiston.com', 25, 0),
	(51, 'Creating next-gen gaming experiences', 'hassan.pfeffer@gmail.com', 'Graham-Gerhold', '(505) 646-0416', 'www.erdman-becker.com', 80, 0),
	(53, 'World-class travel experiences tailored to you', 'polly.monahan@yahoo.com', 'Douglas, Stehr and Wiza', '(714) 585-2465', 'www.strosin-rolfson.com', 104, 0),
	(56, 'Providing innovative biotech solutions', 'claudio.reynolds@yahoo.com', 'Moen-Simonis', '(472) 259-6716', 'www.orn-schmidt.com', 62, 0),
	(58, 'Empowering businesses with digital transformation', 'marc.mitchell@hotmail.com', 'Lakin LLC', '(347) 365-8510', 'www.simonisgroup.org', 27, 0),
	(60, 'Your trusted partner in home security', 'farah.dickens@hotmail.com', 'Kemmer Group', '(505) 656-5023', 'www.haleyinc.io', 96, 0),
	(63, 'Pioneering advancements in AI and machine learning', 'josue.nicolas@hotmail.com', 'Koch, Hegmann and Hahn', '(730) 669-2772', 'www.langosh-hilpert.co', 14, 0),
	(66, 'Providing innovative biotech solutions', 'lesley.hyatt@gmail.com', 'Zboncak, Smitham and Volkman', '(479) 675-0313', 'www.tromp-schulist.net', 68, 0),
	(69, 'Leading the way in e-commerce innovation', 'florencio.kuhn@yahoo.com', 'Wisozk and Sons', '(472) 211-4504', 'www.weissnat-armstrong.name', 84, 0),
	(73, 'Premium provider of luxury fashion and apparel', 'thomas.schamberger@hotmail.com', 'O\'Kon Inc', '(839) 980-2684', 'www.durganlakinanddaugherty.net', 41, 0),
	(74, 'Creating next-gen gaming experiences', 'dale.ernser@hotmail.com', 'Fadel, Shanahan and McKenzie', '(472) 227-5590', 'www.bartonandsons.biz', 103, 0),
	(75, 'Innovators in sustainable agriculture', 'lura.bins@gmail.com', 'Rodriguez and Sons', '(305) 201-1560', 'www.fadelankundingandemmerich.io', 29, 0),
	(76, 'World-class travel experiences tailored to you', 'sheena.goldner@yahoo.com', 'Connelly-Gerhold', '(730) 246-8980', 'www.keelinghammesandkuhn.com', 87, 0),
	(77, 'Dedicated to delivering sustainable construction projects', 'salvador.kohler@yahoo.com', 'Deckow and Sons', '(305) 230-7201', 'www.rogahnjerdeandyundt.name', 12, 0),
	(81, 'Revolutionizing education with online platforms', 'franklin.bernhard@gmail.com', 'Kihn-Roberts', '(472) 273-1831', 'www.walterllc.org', 19, 0),
	(84, 'Premium provider of luxury fashion and apparel', 'dick.marquardt@yahoo.com', 'Bradtke and Sons', '(472) 469-1637', 'www.bradtke-shanahan.org', 42, 0),
	(85, 'Your trusted partner in home security', 'shery.nicolas@gmail.com', 'Zieme, Pacocha and Harvey', '(754) 207-0317', 'www.gulgowskiandsons.io', 90, 0),
	(87, 'Empowering businesses with digital transformation', 'tiffany.batz@hotmail.com', 'Olson Inc', '(730) 214-5646', 'www.kiehn-bahringer.info', 43, 0),
	(89, 'Innovators in sustainable agriculture', 'whitney.jaskolski@yahoo.com', 'Pfeffer, Wisoky and Bogan', '(730) 661-4310', 'www.hegmanninc.co', 74, 0),
	(90, 'Pioneering advancements in AI and machine learning', 'mariann.hackett@gmail.com', 'Schumm LLC', '(580) 447-3966', 'www.franeckigroup.com', 6, 0),
	(91, 'Revolutionizing education with online platforms', 'cole.gottlieb@hotmail.com', 'Heaney Inc', '(936) 809-5083', 'www.nitzsche-kiehn.com', 82, 0),
	(92, 'Crafting custom furniture for modern living', 'richard.halvorson@hotmail.com', 'Lindgren-Brakus', '(505) 615-4334', 'www.kozeyllc.net', 22, 0),
	(93, 'Creating next-gen gaming experiences', 'nu.hyatt@gmail.com', 'Fay and Sons', '(678) 222-7798', 'www.russelkuvalisandkub.name', 57, 0),
	(95, 'Innovators in sustainable agriculture', 'nguyet.stanton@yahoo.com', 'Padberg-Wilderman', '(505) 531-2810', 'www.daughertyandsons.name', 99, 0),
	(97, 'Your trusted partner in home security', 'babette.howell@gmail.com', 'Dare-Watsica', '(305) 202-8547', 'www.greenholtandsons.co', 63, 0);

-- Dumping structure for table works.experience
CREATE TABLE IF NOT EXISTS `experience` (
  `exp_id` bigint(20) NOT NULL AUTO_INCREMENT,
  `company` varchar(120) NOT NULL,
  `from_date` date NOT NULL,
  `role` varchar(100) NOT NULL,
  `to_date` date NOT NULL,
  `work_desc` varchar(400) DEFAULT NULL,
  `can_id` bigint(20) NOT NULL,
  `company_name` varchar(255) DEFAULT NULL,
  PRIMARY KEY (`exp_id`),
  KEY `FK8d5oqe0wxh52v352i04qnuady` (`can_id`),
  CONSTRAINT `FK8d5oqe0wxh52v352i04qnuady` FOREIGN KEY (`can_id`) REFERENCES `candidate` (`id`)
) ENGINE=InnoDB AUTO_INCREMENT=51 DEFAULT CHARSET=latin1 COLLATE=latin1_swedish_ci;

-- Dumping data for table works.experience: ~50 rows (approximately)
INSERT INTO `experience` (`exp_id`, `company`, `from_date`, `role`, `to_date`, `work_desc`, `can_id`, `company_name`) VALUES
	(1, 'TechCorp', '2020-01-01', 'Software Engineer', '2024-10-10', 'Developed REST APIs and microservices.', 104, 'TechCorp Inc.'),
	(2, 'DataSolutions', '2018-06-01', 'Data Analyst', '2024-12-02', 'Analyzed large datasets to support decision-making.', 104, '\'DataSolutions Co.'),
	(3, 'WebWorks', '2019-03-01', 'Frontend Developer', '2022-02-28', 'Built responsive web interfaces using React.', 3, 'WebWorks LLC'),
	(4, 'Innovatech', '2017-05-01', 'Machine Learning Engineer', '2021-08-01', 'Developed machine learning models for predictive analytics.', 4, 'Innovatech Solutions'),
	(5, 'CyberSecure', '2019-09-01', 'IT Specialist', '2022-06-01', 'Implemented cybersecurity measures across IT infrastructure.', 5, 'CyberSecure Ltd.'),
	(6, 'VisionaryMedia', '2020-03-01', 'Content Strategist', '2023-04-01', 'Crafted content strategies for social media and digital platforms.', 6, 'Visionary Media Group'),
	(7, 'AgileSolutions', '2018-01-01', 'Project Manager', '2022-12-31', 'Led cross-functional teams to deliver agile projects on time.', 7, 'Agile Solutions'),
	(8, 'AutoTest', '2020-02-01', 'QA Engineer', '2023-09-01', 'Performed software testing and ensured quality in releases.', 8, 'AutoTest Inc.'),
	(9, 'TechWorld', '2021-01-01', 'Software Developer', '2023-12-31', 'Developed web applications using JavaScript and Node.js.', 9, 'TechWorld Solutions'),
	(10, 'DataTech', '2020-06-01', 'Data Scientist', '2023-11-01', 'Created data models for business intelligence and analytics.', 10, 'DataTech Ltd.'),
	(11, 'CodeForge', '2017-03-01', 'Backend Developer', '2021-05-01', 'Built and optimized APIs using Python and Flask.', 11, 'CodeForge LLC'),
	(12, 'FutureTech', '2018-04-01', 'UX/UI Designer', '2022-02-28', 'Designed intuitive user interfaces and conducted usability testing.', 12, 'FutureTech Studios'),
	(13, 'SmartSystems', '2019-05-01', 'DevOps Engineer', '2023-07-01', 'Managed deployment pipelines and automated infrastructure tasks.', 13, 'SmartSystems Technologies'),
	(14, 'EcomSolutions', '2020-02-01', 'Full Stack Developer', '2023-10-01', 'Developed e-commerce platforms with a focus on user experience.', 14, 'EcomSolutions Inc.'),
	(15, 'CloudNet', '2021-04-01', 'Cloud Engineer', '2023-09-01', 'Implemented cloud infrastructure using AWS and Azure.', 15, 'CloudNet Systems'),
	(16, 'WebVision', '2017-11-01', 'Product Manager', '2022-08-01', 'Managed product development lifecycle from concept to launch.', 2, 'WebVision LLC'),
	(17, 'CodeCrafters', '2021-01-15', 'Front-end Engineer', '2023-12-15', 'Built responsive and accessible web interfaces for clients.', 17, 'CodeCrafters Studio'),
	(18, 'NextGenTech', '2019-10-01', 'Business Analyst', '2023-06-30', 'Conducted market analysis and helped drive strategic decisions.', 18, 'NextGen Technologies'),
	(19, 'SecureTech', '2020-05-01', 'Network Engineer', '2023-08-01', 'Maintained network infrastructure and implemented security protocols.', 19, 'SecureTech Corp.'),
	(20, 'BrightIdeas', '2018-07-01', 'Marketing Manager', '2022-12-01', 'Led digital marketing campaigns and social media strategies.', 20, 'BrightIdeas Solutions'),
	(21, 'VentureWorks', '2017-01-01', 'Software Engineer', '2021-06-30', 'Developed software solutions using C++ and Java.', 21, 'VentureWorks Ltd.'),
	(22, 'CodeInnovators', '2021-05-01', 'Data Analyst', '2023-10-15', 'Analyzed datasets to generate insights for business improvement.', 22, 'CodeInnovators LLC'),
	(23, 'AlphaSystems', '2020-08-01', 'Mobile Developer', '2023-12-01', 'Developed mobile applications for iOS and Android platforms.', 23, 'AlphaSystems Inc.'),
	(24, 'GreenTech', '2018-02-01', 'Sustainability Consultant', '2022-07-01', 'Advised companies on sustainable business practices and technologies.', 24, 'GreenTech Solutions'),
	(25, 'InnoLabs', '2019-04-01', 'AI Specialist', '2023-11-01', 'Worked on AI-powered automation systems and machine learning models.', 25, 'InnoLabs Innovations'),
	(26, 'GlobalTech', '2021-06-01', 'Cybersecurity Analyst', '2023-10-01', 'Monitored network security and responded to cyber threats.', 26, 'GlobalTech Security'),
	(27, 'TechForce', '2017-10-01', 'Software Architect', '2022-09-01', 'Designed software systems and led development teams.', 27, 'TechForce Solutions'),
	(28, 'CloudWorks', '2020-04-01', 'Cloud Solutions Architect', '2023-08-01', 'Architected and deployed cloud solutions for clients.', 28, 'CloudWorks LLC'),
	(29, 'SmartConnect', '2019-08-01', 'IoT Engineer', '2022-05-01', 'Developed Internet of Things solutions for smart devices.', 29, 'SmartConnect Ltd.'),
	(30, 'DataStream', '2020-01-01', 'Big Data Engineer', '2023-11-01', 'Handled large-scale data processing and storage solutions.', 30, 'DataStream Technologies'),
	(31, 'FutureWorks', '2018-09-01', 'Quality Assurance Manager', '2022-02-01', 'Managed QA teams and ensured software quality in releases.', 31, 'FutureWorks LLC'),
	(32, 'CoreTech', '2021-03-01', 'Blockchain Developer', '2023-12-01', 'Developed blockchain solutions for decentralized applications.', 32, 'CoreTech Solutions'),
	(33, 'AutoTech', '2017-06-01', 'Automation Engineer', '2022-05-01', 'Automated production processes using robotics and AI.', 33, 'AutoTech Inc.'),
	(34, 'SkillLabs', '2021-07-01', 'Web Developer', '2023-12-15', 'Developed web-based learning platforms for skill development.', 34, 'SkillLabs Tech'),
	(35, 'DesignPro', '2018-12-01', 'Graphic Designer', '2022-06-30', 'Created visual content for websites, ads, and social media.', 35, 'DesignPro Studios'),
	(36, 'CyberSecure', '2020-11-01', 'IT Support Specialist', '2023-06-01', 'Provided IT support and troubleshooting for company systems.', 36, 'CyberSecure Technologies'),
	(37, 'MindWorks', '2017-08-01', 'Product Designer', '2022-04-01', 'Designed user interfaces and experiences for mobile applications.', 37, 'MindWorks LLC'),
	(38, 'TechVenture', '2020-10-01', 'Frontend Developer', '2023-11-01', 'Built and maintained websites using React and Redux.', 38, 'TechVenture Solutions'),
	(39, 'RoboTech', '2019-05-01', 'Robotics Engineer', '2022-09-01', 'Designed robotic systems for industrial automation.', 39, 'RoboTech Corp.'),
	(40, 'SoftSolutions', '2018-10-01', 'Software Tester', '2022-02-01', 'Tested software applications to ensure functionality and quality.', 40, 'SoftSolutions Inc.'),
	(41, 'FutureLabs', '2021-02-01', 'AI Researcher', '2023-10-01', 'Conducted research in AI algorithms and machine learning models.', 41, 'FutureLabs Research'),
	(42, 'CyberSecure', '2020-06-01', 'Network Security Engineer', '2023-09-01', 'Secured corporate networks and conducted vulnerability assessments.', 42, 'CyberSecure Solutions'),
	(43, 'DataCraft', '2017-04-01', 'Data Engineer', '2022-11-01', 'Built and maintained data pipelines for large datasets.', 43, 'DataCraft Technologies'),
	(44, 'DigitalWorks', '2021-01-01', 'Creative Director', '2023-12-01', 'Led creative teams to deliver innovative digital content and strategies.', 44, 'DigitalWorks LLC'),
	(45, 'QuantumTech', '2019-07-01', 'Quantum Computing Specialist', '2023-05-01', 'Worked on quantum computing algorithms for complex problems.', 45, 'QuantumTech Innovations'),
	(46, 'GreenFuture', '2020-01-01', 'Sustainability Engineer', '2023-10-01', 'Developed eco-friendly technologies for various industries.', 46, 'GreenFuture Solutions'),
	(47, 'RoboVision', '2018-05-01', 'AI Engineer', '2022-12-01', 'Worked on computer vision applications powered by AI.', 47, 'RoboVision Inc.'),
	(48, 'VisionTech', '2021-08-01', 'Cloud Developer', '2023-12-01', 'Developed scalable cloud applications and services.', 48, 'VisionTech Solutions'),
	(49, 'InnovativeSolutions', '2019-02-01', 'Cybersecurity Consultant', '2022-11-01', 'Provided consulting services on network security best practices.', 49, 'InnovativeSolutions Corp.'),
	(50, 'TechMaster', '2020-11-01', 'Game Developer', '2023-08-01', 'Developed immersive video games using Unity and Unreal Engine.', 50, 'TechMaster Studios');

-- Dumping structure for table works.job
CREATE TABLE IF NOT EXISTS `job` (
  `job_id` bigint(20) NOT NULL AUTO_INCREMENT,
  `job_desc` varchar(2000) NOT NULL,
  `job_name` varchar(255) NOT NULL,
  `company` bigint(20) DEFAULT NULL,
  `com_id` bigint(20) DEFAULT NULL,
  PRIMARY KEY (`job_id`),
  KEY `FKbaqlvluu78phmo9ld89um7wnm` (`company`),
  KEY `FKexhlpi1dtnhxnftqe4udd1ucg` (`com_id`),
  CONSTRAINT `FKbaqlvluu78phmo9ld89um7wnm` FOREIGN KEY (`company`) REFERENCES `company` (`comp_id`),
  CONSTRAINT `FKexhlpi1dtnhxnftqe4udd1ucg` FOREIGN KEY (`com_id`) REFERENCES `company` (`com_id`)
) ENGINE=InnoDB AUTO_INCREMENT=171 DEFAULT CHARSET=latin1 COLLATE=latin1_swedish_ci;

-- Dumping data for table works.job: ~140 rows (approximately)
INSERT INTO `job` (`job_id`, `job_desc`, `job_name`, `company`, `com_id`) VALUES
	(1, 'Weissnat Group Job 1', 'UI/UX Designer', 1, NULL),
	(2, 'Baumbach-Pfeffer Job 1', 'Software Engineer', 2, NULL),
	(3, 'Dooley-Kshlerin Job 1', 'Project Manager', 3, NULL),
	(4, 'Schuster, Hammes and Davis Job 1', 'Database Administrator', 4, NULL),
	(5, 'Bins, Kling and Hoeger Job 1', 'UI/UX Designer', 5, NULL),
	(6, 'Bins, Kling and Hoeger Job 2', 'Software Engineer', 5, NULL),
	(7, 'Bins, Kling and Hoeger Job 3', 'Database Administrator', 5, NULL),
	(8, 'Hodkiewicz LLC Job 1', 'Leader Developer', 6, NULL),
	(9, 'Hodkiewicz LLC Job 2', 'UI/UX Designer', 6, NULL),
	(10, 'Hodkiewicz LLC Job 3', 'Support IT', 6, NULL),
	(11, 'Rowe-Sipes Job 1', 'Software Engineer', 8, NULL),
	(12, 'Lueilwitz-Reichel Job 1', 'Project Manager', 9, NULL),
	(13, 'Lueilwitz-Reichel Job 2', 'IT Manager', 9, NULL),
	(14, 'Mosciski, Volkman and Herzog Job 1', 'Leader ReactJS', 10, NULL),
	(15, 'Mosciski, Volkman and Herzog Job 2', 'IT Manager', 10, NULL),
	(16, 'Mosciski, Volkman and Herzog Job 3', 'Leader Machilearing', 10, NULL),
	(17, 'Mante Inc Job 1', 'Software Engineer', 11, NULL),
	(18, 'Bahringer Inc Job 1', 'IT Manager', 13, NULL),
	(19, 'Bahringer Inc Job 2', 'Software Engineer', 13, NULL),
	(20, 'Christiansen-Gerhold Job 1', 'IT Manager', 14, NULL),
	(21, 'Christiansen-Gerhold Job 2', 'Database Administrator', 14, NULL),
	(22, 'Christiansen-Gerhold Job 3', 'Leader Tester', 14, NULL),
	(23, 'Pacocha, Brakus and Waters Job 1', 'Database Administrator', 15, NULL),
	(24, 'Pacocha, Brakus and Waters Job 2', 'Team Lead', 15, NULL),
	(25, 'Pacocha, Brakus and Waters Job 3', 'IT Manager', 15, NULL),
	(26, 'Daniel, Morar and Trantow Job 1', 'UI/UX Designer', 16, NULL),
	(27, 'Daniel, Morar and Trantow Job 2', 'Database Administrator', 16, NULL),
	(28, 'Schmitt LLC Job 1', 'Project Manager', 17, NULL),
	(29, 'Schmitt LLC Job 2', 'Software Engineer', 17, NULL),
	(30, 'Schmitt LLC Job 3', 'QA Engineer', 17, NULL),
	(31, 'Boyer, Harber and Reichert Job 1', 'Machine Learning Engineer', 18, NULL),
	(32, 'Boyer, Harber and Reichert Job 2', 'QA Engineer', 18, NULL),
	(33, 'O\'Kon-Gibson Job 1', 'UI/UX Designer', 19, NULL),
	(34, 'O\'Kon-Gibson Job 2', 'Content Writer', 19, NULL),
	(35, 'Weissnat, Stark and Wilkinson Job 1', 'UI/UX Designer', 20, NULL),
	(36, 'Weissnat, Stark and Wilkinson Job 2', 'QA Engineer', 20, NULL),
	(37, 'Bode Group Job 1', 'Database Administrator', 21, NULL),
	(38, 'Bode Group Job 2', 'Machine Learning Engineer', 21, NULL),
	(39, 'Bode Group Job 3', 'UI/UX Designer', 21, NULL),
	(40, 'Fisher, Stoltenberg and Ondricka Job 1', 'Team Lead', 22, NULL),
	(41, 'Crooks LLC Job 1', 'R&D Specialist', 23, NULL),
	(42, 'Crooks LLC Job 2', 'UI/UX Designer', 23, NULL),
	(43, 'Welch-Emard Job 1', 'QA Engineer', 26, NULL),
	(44, 'Kertzmann Inc Job 1', 'Content Writer', 27, NULL),
	(45, 'Kertzmann Inc Job 2', 'Team Lead', 27, NULL),
	(46, 'Kertzmann Inc Job 3', 'Job 3', 27, NULL),
	(47, 'Gorczany-Runolfsson Job 1', 'Machine Learning Engineer', 29, NULL),
	(48, 'Gorczany-Runolfsson Job 2', 'QA Engineer', 29, NULL),
	(49, 'Gorczany-Runolfsson Job 3', 'Job 3', 29, NULL),
	(50, 'Spencer and Sons Job 1', 'Software Engineer', 30, NULL),
	(51, 'Spencer and Sons Job 2', 'R&D Specialist', 30, NULL),
	(52, 'Spencer and Sons Job 3', 'Job 3', 30, NULL),
	(53, 'Aufderhar and Sons Job 1', 'Project Manager', 31, NULL),
	(54, 'Aufderhar and Sons Job 2', 'Team Lead', 31, NULL),
	(55, 'Sawayn, Hermiston and Yundt Job 1', 'Content Writer', 32, NULL),
	(56, 'Sawayn, Hermiston and Yundt Job 2', 'UI/UX Designer', 32, NULL),
	(57, 'Sawayn, Hermiston and Yundt Job 3', 'Machine Learning Engineer', 32, NULL),
	(58, 'Carter, Borer and Block Job 1', 'Job 1', 33, NULL),
	(59, 'Carter, Borer and Block Job 2', 'Database Administrator', 33, NULL),
	(60, 'Carter, Borer and Block Job 3', 'QA Engineer', 33, NULL),
	(61, 'Ondricka, King and Dooley Job 1', 'IT Manager', 34, NULL),
	(62, 'Ondricka, King and Dooley Job 2', 'R&D Specialist', 34, NULL),
	(63, 'Bahringer-Treutel Job 1', 'UI/UX Designer', 35, NULL),
	(64, 'Bahringer-Treutel Job 2', 'Job 2', 35, NULL),
	(65, 'Jacobson, Moore and Quigley Job 1', 'Job 1', 36, NULL),
	(66, 'Jacobson, Moore and Quigley Job 2', 'Software Engineer', 36, NULL),
	(67, 'Bayer, Welch and Trantow Job 1', 'QA Engineer', 37, NULL),
	(68, 'Bayer, Welch and Trantow Job 2', 'UI/UX Designer', 37, NULL),
	(69, 'Bayer, Welch and Trantow Job 3', 'Job 3', 37, NULL),
	(70, 'Erdman and Sons Job 1', 'Machine Learning Engineer', 38, NULL),
	(71, 'Erdman and Sons Job 2', 'R&D Specialist', 38, NULL),
	(72, 'Bayer-Treutel Job 1', 'Job 1', 39, NULL),
	(73, 'Bayer-Treutel Job 2', 'Team Lead', 39, NULL),
	(74, 'Thompson-Schinner Job 1', 'QA Engineer', 40, NULL),
	(75, 'Thompson-Schinner Job 2', 'Project Manager', 40, NULL),
	(76, 'Thompson-Schinner Job 3', 'Job 3', 40, NULL),
	(77, 'Metz-Schultz Job 1', 'UI/UX Designer', 43, NULL),
	(78, 'Metz-Schultz Job 2', 'Project Manager', 43, NULL),
	(79, 'Schultz, Leffler and Daugherty Job 1', 'R&D Specialist', 44, NULL),
	(80, 'Schultz, Leffler and Daugherty Job 2', 'Job 2', 44, NULL),
	(81, 'Schultz, Leffler and Daugherty Job 3', 'Software Engineer', 44, NULL),
	(82, 'Schiller and Sons Job 1', 'Job 1', 47, NULL),
	(83, 'Schiller and Sons Job 2', 'Job 2', 47, NULL),
	(84, 'Gerlach Group Job 1', 'Job 1', 48, NULL),
	(85, 'Gerlach Group Job 2', 'Database Administrator', 48, NULL),
	(86, 'Towne LLC Job 1', 'Content Writer', 49, NULL),
	(87, 'Towne LLC Job 2', 'Job 2', 49, NULL),
	(88, 'Schmidt, Wehner and Greenfelder Job 1', 'Machine Learning Engineer', 50, NULL),
	(89, 'Graham-Gerhold Job 1', 'QA Engineer', 51, NULL),
	(90, 'Douglas, Stehr and Wiza Job 1', 'R&D Specialist', 53, NULL),
	(91, 'Douglas, Stehr and Wiza Job 2', 'Database Administrator', 53, NULL),
	(92, 'Douglas, Stehr and Wiza Job 3', 'Job 3', 53, NULL),
	(93, 'Moen-Simonis Job 1', 'UI/UX Designer', 56, NULL),
	(94, 'Lakin LLC Job 1', 'Content Writer', 58, NULL),
	(95, 'Kemmer Group Job 1', 'Software Engineer', 60, NULL),
	(96, 'Kemmer Group Job 2', 'Job 2', 60, NULL),
	(97, 'Koch, Hegmann and Hahn Job 1', 'Database Administrator', 63, NULL),
	(98, 'Koch, Hegmann and Hahn Job 2', 'Job 2', 63, NULL),
	(99, 'Zboncak, Smitham and Volkman Job 1', 'Machine Learning Engineer', 66, NULL),
	(100, 'Wisozk and Sons Job 1', 'Job 1', 69, NULL),
	(101, 'Wisozk and Sons Job 2', 'QA Engineer', 69, NULL),
	(102, 'O\'Kon Inc Job 1', 'Project Manager', 73, NULL),
	(103, 'O\'Kon Inc Job 2', 'Job 2', 73, NULL),
	(104, 'Fadel, Shanahan and McKenzie Job 1', 'Job 1', 74, NULL),
	(105, 'Fadel, Shanahan and McKenzie Job 2', 'Job 2', 74, NULL),
	(106, 'Fadel, Shanahan and McKenzie Job 3', 'Job 3', 74, NULL),
	(107, 'Rodriguez and Sons Job 1', 'Machine Learning Engineer', 75, NULL),
	(108, 'Connelly-Gerhold Job 1', 'QA Engineer', 76, NULL),
	(109, 'Connelly-Gerhold Job 2', 'Software Engineer', 76, NULL),
	(110, 'Connelly-Gerhold Job 3', 'Content Writer', 76, NULL),
	(111, 'Deckow and Sons Job 1', 'Job 1', 77, NULL),
	(112, 'Kihn-Roberts Job 1', 'R&D Specialist', 81, NULL),
	(113, 'Kihn-Roberts Job 2', 'Database Administrator', 81, NULL),
	(114, 'Kihn-Roberts Job 3', 'Software Engineer', 81, NULL),
	(115, 'Bradtke and Sons Job 1', 'QA Engineer', 84, NULL),
	(116, 'Zieme, Pacocha and Harvey Job 1', 'Job 1', 85, NULL),
	(117, 'Zieme, Pacocha and Harvey Job 2', 'Machine Learning Engineer', 85, NULL),
	(118, 'Zieme, Pacocha and Harvey Job 3', 'Job 3', 85, NULL),
	(119, 'Olson Inc Job 1', 'R&D Specialist', 87, NULL),
	(120, 'Olson Inc Job 2', 'R&D Specialist', 87, NULL),
	(121, 'Olson Inc Job 3', 'Project Manager', 87, NULL),
	(122, 'Pfeffer, Wisoky and Bogan Job 1', 'Job 1', 89, NULL),
	(123, 'Pfeffer, Wisoky and Bogan Job 2', 'QA Engineer', 89, NULL),
	(124, 'Pfeffer, Wisoky and Bogan Job 3', 'IT Manager', 89, NULL),
	(125, 'Schumm LLC Job 1', 'IT Manager', 90, NULL),
	(126, 'Schumm LLC Job 2', 'R&D Specialist', 90, NULL),
	(127, 'Heaney Inc Job 1', 'Database Administrator', 91, NULL),
	(128, 'Heaney Inc Job 2', 'Content Writer', 91, NULL),
	(129, 'Heaney Inc Job 3', 'R&D Specialist', 91, NULL),
	(130, 'Lindgren-Brakus Job 1', 'Software Engineer', 92, NULL),
	(131, 'Lindgren-Brakus Job 2', 'QA Engineer', 92, NULL),
	(132, 'Lindgren-Brakus Job 3', 'Machine Learning Engineer', 92, NULL),
	(133, 'Fay and Sons Job 1', 'Database Administrator', 93, NULL),
	(134, 'Fay and Sons Job 2', 'R&D Specialist', 93, NULL),
	(135, 'Fay and Sons Job 3', 'Content Writer', 93, NULL),
	(136, 'Padberg-Wilderman Job 1', 'IT Manager', 95, NULL),
	(137, 'Padberg-Wilderman Job 2', 'Content Writer', 95, NULL),
	(138, 'Padberg-Wilderman Job 3', 'Software Engineer', 95, NULL),
	(139, 'Dare-Watsica Job 1', 'Content Writer', 97, NULL),
	(140, 'Dare-Watsica Job 2', 'Machine Learning Engineer', 97, NULL);

-- Dumping structure for table works.job_skill

CREATE TABLE IF NOT EXISTS `job_skill` (
  `more_infos` varchar(1000) DEFAULT NULL,
  `skill_level` tinyint(4) NOT NULL CHECK (`skill_level` BETWEEN 0 AND 4), -- sa li  ph hp vi enum
  `job_id` bigint(20) NOT NULL,
  `skill_id` bigint(20) NOT NULL,
  `type` tinyint(4) DEFAULT NULL CHECK (`type` BETWEEN 0 AND 2),
  PRIMARY KEY (`job_id`, `skill_id`),
  KEY `FKj33qbbf3vk1lvhqpcosnh54u1` (`skill_id`),
  CONSTRAINT `FK9ix4wg520ii2gu2felxdhdup6` FOREIGN KEY (`job_id`) REFERENCES `job` (`job_id`),
  CONSTRAINT `FKj33qbbf3vk1lvhqpcosnh54u1` FOREIGN KEY (`skill_id`) REFERENCES `skill` (`skill_id`)
) ENGINE=InnoDB DEFAULT CHARSET=latin1 COLLATE=latin1_swedish_ci;


-- Dumping data for table works.job_skill: ~282 rows (approximately)
INSERT INTO `job_skill` (`more_infos`, `skill_level`, `job_id`, `skill_id`, `type`) VALUES
	('Java is essential for backend development.', 2, 1, 15, NULL),
	('Python required for data processing tasks.', 1, 1, 20, NULL),
	('Java is essential for backend development.', 1, 2, 1, NULL),
	('React expertise is needed for UI development.', 0, 2, 4, NULL),
	('Experience in implementing machine learning algorithms', 1, 3, 19, NULL),
	('Python required for data processing tasks.', 0, 4, 2, NULL),
	('React expertise is needed for UI development.', 2, 5, 18, NULL),
	('Proven track record in project management and agile methodologies.', 0, 5, 20, NULL),
	('Exceptional writing and editing skills.', 1, 6, 9, NULL),
	('Knowledge of software testing frameworks and methodologies.', 0, 6, 11, NULL),
	('Strong knowledge of IT systems and cybersecurity.', 2, 6, 12, NULL),
	('Java is essential for backend development.', 1, 7, 9, NULL),
	(NULL, 2, 7, 18, NULL),
	('React expertise is needed for UI development.', 1, 7, 23, NULL),
	(NULL, 1, 8, 6, NULL),
	('Experience in implementing machine learning algorithms', 1, 9, 8, NULL),
	('Python required for data processing tasks.', 2, 9, 11, NULL),
	('Experience in implementing machine learning algorithms', 0, 9, 16, NULL),
	('Exceptional writing and editing skills.', 2, 10, 4, NULL),
	('Strong knowledge of IT systems and cybersecurity.', 0, 10, 19, NULL),
	('Proven track record in project management and agile methodologies.', 2, 11, 1, NULL),
	('Knowledge of software testing frameworks and methodologies.', 1, 11, 2, NULL),
	('Java is essential for backend development.', 1, 11, 7, NULL),
	(NULL, 1, 12, 3, NULL),
	('React expertise is needed for UI development.', 0, 12, 5, NULL),
	('Knowledge of software testing frameworks and methodologies.', 1, 12, 20, NULL),
	('Experience in implementing machine learning algorithms', 0, 13, 4, NULL),
	('Python required for data processing tasks.', 1, 13, 5, NULL),
	('Exceptional writing and editing skills.', 2, 13, 22, NULL),
	('Java is essential for backend development.', 1, 14, 1, NULL),
	('React expertise is needed for UI development.', 0, 14, 19, NULL),
	('Proven track record in project management and agile methodologies.', 1, 15, 6, NULL),
	('Strong knowledge of IT systems and cybersecurity.', 1, 15, 23, NULL),
	('Knowledge of software testing frameworks and methodologies.', 0, 16, 6, NULL),
	('Python required for data processing tasks.', 0, 17, 17, NULL),
	(NULL, 2, 17, 19, NULL),
	('Proven track record in project management and agile methodologies.', 2, 18, 16, NULL),
	(NULL, 0, 19, 1, NULL),
	('Exceptional writing and editing skills.', 2, 19, 2, NULL),
	('Java is essential for backend development.', 2, 19, 16, NULL),
	('Experience in implementing machine learning algorithms', 0, 20, 7, NULL),
	(NULL, 0, 20, 13, NULL),
	('Knowledge of software testing frameworks and methodologies.', 0, 20, 15, NULL),
	(NULL, 2, 21, 1, NULL),
	('Strong knowledge of IT systems and cybersecurity.', 0, 21, 15, NULL),
	('Python required for data processing tasks.', 1, 22, 8, NULL),
	('React expertise is needed for UI development.', 0, 22, 21, NULL),
	(NULL, 2, 23, 9, NULL),
	('Proven track record in project management and agile methodologies.', 0, 24, 11, NULL),
	(NULL, 1, 24, 19, NULL),
	('Python required for data processing tasks.', 1, 25, 8, NULL),
	(NULL, 0, 25, 14, NULL),
	('Knowledge of software testing frameworks and methodologies.', 1, 25, 18, NULL),
	('Strong knowledge of IT systems and cybersecurity.', 2, 26, 1, NULL),
	(NULL, 2, 26, 17, NULL),
	('Experience in implementing machine learning algorithms', 2, 27, 13, NULL),
	('Strong knowledge of IT systems and cybersecurity.', 2, 27, 17, NULL),
	('Experience in implementing machine learning algorithms', 1, 28, 5, NULL),
	(NULL, 2, 28, 8, NULL),
	(NULL, 2, 28, 17, NULL),
	('Python required for data processing tasks.', 0, 29, 20, NULL),
	('Knowledge of software testing frameworks and methodologies.', 0, 30, 5, NULL),
	(NULL, 2, 30, 17, NULL),
	('React expertise is needed for UI development.', 0, 30, 19, NULL),
	('Exceptional writing and editing skills.', 2, 31, 3, NULL),
	('Proven track record in project management and agile methodologies.', 0, 31, 5, NULL),
	('Python required for data processing tasks.', 1, 32, 12, NULL),
	('Strong knowledge of IT systems and cybersecurity.', 0, 33, 15, NULL),
	('Experience in implementing machine learning algorithms', 0, 33, 20, NULL),
	(NULL, 2, 34, 4, NULL),
	(NULL, 2, 34, 10, NULL),
	('Java is essential for backend development.', 2, 34, 13, NULL),
	(NULL, 1, 35, 13, NULL),
	('Knowledge of software testing frameworks and methodologies.', 1, 35, 22, NULL),
	(NULL, 2, 36, 18, NULL),
	(NULL, 2, 37, 10, NULL),
	('Python required for data processing tasks.', 0, 37, 22, NULL),
	('Strong knowledge of IT systems and cybersecurity.', 0, 38, 15, NULL),
	('Exceptional writing and editing skills.', 0, 38, 19, NULL),
	(NULL, 2, 39, 20, NULL),
	(NULL, 2, 40, 19, NULL),
	('React expertise is needed for UI development.', 0, 41, 3, NULL),
	('Proven track record in project management and agile methodologies.', 0, 41, 8, NULL),
	(NULL, 2, 41, 23, NULL),
	('Experience in implementing machine learning algorithms', 2, 42, 1, NULL),
	(NULL, 1, 42, 17, NULL),
	(NULL, 1, 43, 10, NULL),
	('Python required for data processing tasks.', 0, 44, 20, NULL),
	(NULL, 2, 44, 21, NULL),
	('Knowledge of software testing frameworks and methodologies.', 1, 45, 2, NULL),
	('React expertise is needed for UI development.', 0, 45, 17, NULL),
	('Strong knowledge of IT systems and cybersecurity.', 2, 46, 23, NULL),
	(NULL, 1, 47, 12, NULL),
	('Exceptional writing and editing skills.', 1, 47, 13, NULL),
	(NULL, 2, 47, 20, NULL),
	(NULL, 1, 48, 2, NULL),
	('Experience in implementing machine learning algorithms', 2, 49, 6, NULL),
	('Python required for data processing tasks.', 2, 49, 15, NULL),
	('Strong knowledge of IT systems and cybersecurity.', 2, 50, 6, NULL),
	('Proven track record in project management and agile methodologies.', 0, 50, 12, NULL),
	('Exceptional writing and editing skills.', 1, 51, 6, NULL),
	('Java is essential for backend development.', 2, 52, 7, NULL),
	(NULL, 2, 52, 10, NULL),
	('Knowledge of software testing frameworks and methodologies.', 1, 53, 3, NULL),
	(NULL, 1, 53, 8, NULL),
	('React expertise is needed for UI development.', 2, 53, 23, NULL),
	(NULL, 1, 54, 4, NULL),
	('Strong knowledge of IT systems and cybersecurity.', 1, 54, 8, NULL),
	(NULL, 0, 54, 17, NULL),
	('Experience in implementing machine learning algorithms', 2, 55, 6, NULL),
	(NULL, 1, 55, 11, NULL),
	('Strong knowledge of IT systems and cybersecurity.', 2, 55, 18, NULL),
	('Proven track record in project management and agile methodologies.', 1, 56, 11, NULL),
	('Python required for data processing tasks.', 2, 57, 23, NULL),
	('Exceptional writing and editing skills.', 0, 58, 1, NULL),
	(NULL, 1, 59, 1, NULL),
	('Java is essential for backend development.', 0, 59, 15, NULL),
	('Knowledge of software testing frameworks and methodologies.', 0, 59, 22, NULL),
	(NULL, 0, 60, 5, NULL),
	('Experience in implementing machine learning algorithms', 0, 60, 6, NULL),
	(NULL, 1, 60, 23, NULL),
	('Strong knowledge of IT systems and cybersecurity.', 1, 61, 23, NULL),
	(NULL, 1, 62, 13, NULL),
	('Exceptional writing and editing skills.', 0, 62, 21, NULL),
	(NULL, 2, 63, 4, NULL),
	('Python required for data processing tasks.', 0, 63, 6, NULL),
	(NULL, 0, 63, 14, NULL),
	(NULL, 2, 64, 15, NULL),
	('Java is essential for backend development.', 2, 64, 16, NULL),
	('Proven track record in project management and agile methodologies.', 1, 64, 17, NULL),
	('Strong knowledge of IT systems and cybersecurity.', 2, 65, 2, NULL),
	('Knowledge of software testing frameworks and methodologies.', 1, 65, 22, NULL),
	('React expertise is needed for UI development.', 1, 66, 7, NULL),
	(NULL, 1, 66, 9, NULL),
	('Strong knowledge of IT systems and cybersecurity.', 0, 66, 23, NULL),
	(NULL, 0, 67, 5, NULL),
	('Experience in implementing machine learning algorithms', 1, 67, 7, NULL),
	('Exceptional writing and editing skills.', 2, 67, 13, NULL),
	(NULL, 2, 68, 15, NULL),
	('Proven track record in project management and agile methodologies.', 1, 68, 18, NULL),
	('Python required for data processing tasks.', 1, 69, 1, NULL),
	('Strong knowledge of IT systems and cybersecurity.', 0, 69, 3, NULL),
	(NULL, 1, 69, 21, NULL),
	('Java is essential for backend development.', 2, 70, 15, NULL),
	(NULL, 0, 70, 16, NULL),
	('Knowledge of software testing frameworks and methodologies.', 1, 70, 21, NULL),
	('Experience in implementing machine learning algorithms', 1, 71, 9, NULL),
	(NULL, 2, 72, 7, NULL),
	('Proven track record in project management and agile methodologies.', 2, 72, 14, NULL),
	(NULL, 2, 73, 20, NULL),
	('React expertise is needed for UI development.', 2, 74, 22, NULL),
	('Exceptional writing and editing skills.', 0, 75, 1, NULL),
	('Knowledge of software testing frameworks and methodologies.', 0, 75, 6, NULL),
	(NULL, 0, 76, 4, NULL),
	('Python required for data processing tasks.', 1, 76, 9, NULL),
	(NULL, 0, 77, 1, NULL),
	('Proven track record in project management and agile methodologies.', 2, 77, 19, NULL),
	(NULL, 1, 78, 13, NULL),
	('Java is essential for backend development.', 1, 78, 18, NULL),
	(NULL, 0, 79, 20, NULL),
	('Exceptional writing and editing skills.', 2, 80, 20, NULL),
	('Experience in implementing machine learning algorithms', 1, 81, 11, NULL),
	(NULL, 1, 81, 12, NULL),
	(NULL, 1, 81, 20, NULL),
	(NULL, 2, 82, 7, NULL),
	('Proven track record in project management and agile methodologies.', 2, 82, 9, NULL),
	(NULL, 0, 82, 11, NULL),
	('Java is essential for backend development.', 2, 83, 13, NULL),
	('Knowledge of software testing frameworks and methodologies.', 0, 83, 15, NULL),
	('Python required for data processing tasks.', 1, 83, 20, NULL),
	('Exceptional writing and editing skills.', 1, 84, 20, NULL),
	(NULL, 1, 85, 6, NULL),
	(NULL, 2, 85, 20, NULL),
	('Proven track record in project management and agile methodologies.', 0, 86, 5, NULL),
	(NULL, 1, 86, 10, NULL),
	('Knowledge of software testing frameworks and methodologies.', 1, 86, 21, NULL),
	('Experience in implementing machine learning algorithms', 2, 87, 6, NULL),
	(NULL, 2, 87, 14, NULL),
	(NULL, 0, 87, 19, NULL),
	('Proven track record in project management and agile methodologies.', 0, 88, 1, NULL),
	(NULL, 2, 89, 3, NULL),
	(NULL, 2, 89, 9, NULL),
	('Java is essential for backend development.', 1, 89, 22, NULL),
	('Proven track record in project management and agile methodologies.', 2, 90, 5, NULL),
	(NULL, 1, 90, 14, NULL),
	('Python required for data processing tasks.', 2, 90, 18, NULL),
	('Knowledge of software testing frameworks and methodologies.', 2, 91, 2, NULL),
	(NULL, 2, 91, 9, NULL),
	('Knowledge of software testing frameworks and methodologies.', 0, 91, 21, NULL),
	(NULL, 2, 92, 3, NULL),
	('React expertise is needed for UI development.', 0, 92, 10, NULL),
	('Experience in implementing machine learning algorithms', 2, 93, 10, NULL),
	(NULL, 0, 94, 4, NULL),
	('Proven track record in project management and agile methodologies.', 0, 94, 10, NULL),
	(NULL, 0, 95, 6, NULL),
	('Strong knowledge of IT systems and cybersecurity.', 2, 95, 12, NULL),
	(NULL, 0, 96, 14, NULL),
	('Java is essential for backend development.', 0, 97, 4, NULL),
	(NULL, 0, 97, 11, NULL),
	(NULL, 2, 97, 20, NULL),
	('Experience in implementing machine learning algorithms', 1, 98, 1, NULL),
	(NULL, 2, 98, 2, NULL),
	('Python required for data processing tasks.', 2, 98, 17, NULL),
	(NULL, 1, 99, 4, NULL),
	('Strong knowledge of IT systems and cybersecurity.', 1, 99, 12, NULL),
	('Knowledge of software testing frameworks and methodologies.', 1, 100, 8, NULL),
	('Exceptional writing and editing skills.', 1, 100, 9, NULL),
	(NULL, 0, 100, 19, NULL),
	('Expertise in automation tools and techniques.', 1, 101, 8, NULL),
	('Java is essential for backend development.', 2, 101, 16, NULL),
	('Proven track record in project management and agile methodologies.', 1, 102, 10, NULL),
	(NULL, 1, 102, 17, NULL),
	('Exceptional writing and editing skills.', 2, 103, 13, NULL),
	('Experience in implementing machine learning algorithms', 1, 103, 22, NULL),
	(NULL, 0, 104, 10, NULL),
	(NULL, 1, 104, 20, NULL),
	('Knowledge of software testing frameworks and methodologies.', 0, 104, 23, NULL),
	('Expertise in automation tools and techniques.', 2, 105, 6, NULL),
	(NULL, 1, 106, 3, NULL),
	('Strong knowledge of IT systems and cybersecurity.', 1, 107, 15, NULL),
	(NULL, 2, 108, 8, NULL),
	('Experience in implementing machine learning algorithms', 0, 109, 5, NULL),
	(NULL, 0, 110, 1, NULL),
	('Knowledge of software testing frameworks and methodologies.', 2, 110, 7, NULL),
	('Java is essential for backend development.', 0, 110, 23, NULL),
	('Expertise in automation tools and techniques.', 2, 111, 6, NULL),
	('Exceptional writing and editing skills.', 2, 112, 21, NULL),
	(NULL, 0, 113, 15, NULL),
	('Strong knowledge of IT systems and cybersecurity.', 2, 113, 21, NULL),
	('React expertise is needed for UI development.', 2, 113, 23, NULL),
	(NULL, 0, 114, 14, NULL),
	('Knowledge of software testing frameworks and methodologies.', 0, 115, 4, NULL),
	(NULL, 0, 116, 15, NULL),
	('Experience in implementing machine learning algorithms', 1, 117, 10, NULL),
	(NULL, 1, 118, 12, NULL),
	('Expertise in automation tools and techniques.', 1, 118, 18, NULL),
	('Exceptional writing and editing skills.', 2, 118, 22, NULL),
	('Strong knowledge of IT systems and cybersecurity.', 0, 119, 13, NULL),
	(NULL, 2, 120, 8, NULL),
	('Expertise in automation tools and techniques.', 1, 121, 11, NULL),
	('React expertise is needed for UI development.', 2, 121, 15, NULL),
	('Expertise in automation tools and techniques.', 0, 122, 8, NULL),
	('Java is essential for backend development.', 2, 122, 10, NULL),
	('Knowledge of software testing frameworks and methodologies.', 1, 122, 16, NULL),
	(NULL, 1, 123, 16, NULL),
	('Expertise in automation tools and techniques.', 2, 124, 2, NULL),
	('Exceptional writing and editing skills.', 1, 124, 13, NULL),
	('Expertise in automation tools and techniques.', 1, 125, 11, NULL),
	('Java is essential for backend development.', 1, 125, 15, NULL),
	('Knowledge of software testing frameworks and methodologies.', 0, 125, 21, NULL),
	('Experience in implementing machine learning algorithms', 2, 126, 14, NULL),
	('Expertise in automation tools and techniques.', 0, 126, 19, NULL),
	('Strong knowledge of IT systems and cybersecurity.', 0, 127, 5, NULL),
	('Expertise in automation tools and techniques.', 2, 127, 14, NULL),
	('Exceptional writing and editing skills.', 1, 128, 4, NULL),
	('Expertise in automation tools and techniques.', 2, 128, 10, NULL),
	('Knowledge of software testing frameworks and methodologies.', 2, 129, 4, NULL),
	('Experience in implementing machine learning algorithms', 2, 129, 23, NULL),
	('Expertise in automation tools and techniques.', 1, 130, 5, NULL),
	('Expertise in automation tools and techniques.', 2, 130, 9, NULL),
	('Java is essential for backend development.', 1, 130, 23, NULL),
	('Knowledge of software testing frameworks and methodologies.', 1, 131, 15, NULL),
	('Exceptional writing and editing skills.', 1, 131, 20, NULL),
	('Proven track record in project management and agile methodologies.', 2, 131, 23, NULL),
	('Exceptional writing and editing skills.', 0, 132, 13, NULL),
	('React expertise is needed for UI development.', 1, 132, 15, NULL),
	('Knowledge of software testing frameworks and methodologies.', 0, 132, 17, NULL),
	('Strong knowledge of IT systems and cybersecurity.', 1, 133, 13, NULL),
	('Experience in implementing machine learning algorithms', 1, 133, 19, NULL),
	('Experience in implementing machine learning algorithms', 2, 133, 20, NULL),
	('Exceptional writing and editing skills.', 2, 134, 6, NULL),
	('Knowledge of software testing frameworks and methodologies.', 1, 134, 8, NULL),
	('Java is essential for backend development.', 0, 134, 22, NULL),
	('Knowledge of software testing frameworks and methodologies.', 2, 135, 10, NULL),
	('Strong knowledge of IT systems and cybersecurity.', 0, 136, 18, NULL),
	('Experience in implementing machine learning algorithms', 1, 137, 8, NULL),
	('Exceptional writing and editing skills.', 1, 137, 19, NULL),
	('Strong knowledge of IT systems and cybersecurity.', 0, 138, 11, NULL),
	('Java is essential for backend development.', 0, 138, 23, NULL),
	('React expertise is needed for UI development.', 0, 139, 6, NULL),
	('Experience in implementing machine learning algorithms', 2, 139, 16, NULL),
	('Java is essential for backend development.', 0, 140, 6, NULL);

-- Dumping structure for table works.skill
CREATE TABLE IF NOT EXISTS `skill` (
  `skill_id` bigint(20) NOT NULL AUTO_INCREMENT,
  `skill_description` varchar(255) DEFAULT NULL,
  `skill_name` varchar(255) DEFAULT NULL,
  `type` tinyint(4) DEFAULT NULL CHECK (`type` between 0 and 2),
  PRIMARY KEY (`skill_id`)
) ENGINE=InnoDB AUTO_INCREMENT=25 DEFAULT CHARSET=latin1 COLLATE=latin1_swedish_ci;

-- Dumping data for table works.skill: ~23 rows (approximately)
INSERT INTO `skill` (`skill_id`, `skill_description`, `skill_name`, `type`) VALUES
	(1, 'You must be good how to design the beautiful website UI, know design structure how the user feel good when using your UI', 'Frontend', 2),
	(2, 'Now, you\'re must be know how to communicate between Frontend and Backend with the most of technical', 'Backend', 1),
	(3, 'In basic, you have to know CRUD. In advanced, you can up yourself with: Produceres, Trigger, Security and Backup/Restore database', 'SQL', 2),
	(4, 'Like SQL, you have to know CRUD to work in basic. In advanced, depend the type of NoSQL you will be up yourself', 'NoSQL', 2),
	(5, 'You must be good both at SQL and NoSQL. In basic, both of them you have to know to work CRUD operate', 'Database', 1),
	(6, 'Good any tools to test the application app with the most of language.', 'Tester', 2),
	(7, 'At least you have to know to do planning for the project. A leader must be know', 'Planning', 0),
	(8, 'A good teamwork that everyone in that team has to know talking and working together, no one working alone. The slient is a way can lead your team to the failure', 'Communicate', 0),
	(9, 'Build a web backend project by using Java Servlet. Everyone who starting learning build backend web by Java language that they begin learn this first before learning Java Spring', 'Java Servlet', 2),
	(10, 'Build a web backend project by using Java Spring. You have to know some project in Spring ecosystem to work like: Spring Boot, Spring Framework, Spring Data, Spring Web MVC,...', 'Java Spring', 2),
	(11, 'Make a desktop application by using C# Winform to build. You have to know working both of framework are: .NET Framework and .NET Core ', 'C# Winform', 2),
	(12, 'Like C# Winform, but this is a way to build a desktop application more better than Winform with support the most of libraries and tools. Also you should be know both of framework are: .NET Framework and .NET Core', 'C# WPF', 2),
	(13, 'Build a web backend project by using ASP.NET. When you applied this skill, you make sure that have already knowledge to build this. Both of .NET Framework and .NET Core are that you have to be know.', 'C# ASP.NET', 2),
	(14, 'A project manager has to know everything that they can manage all the actions in their team. Become a project manager is not easy, you have so much experiences and upgrade yourself from start to the high.', 'Project Manager', 1),
	(15, 'A programmer must be known about OOP (Object Oriented Programming). This is core and so important if you learn advanced after. ', 'OOP', 1),
	(16, 'AOP (Aspect Oriented Programming) - this is not easy to learn also best this type programming.', 'GraphQL', 2),
	(17, 'Beside you can make a program also you should learn some more about algorthim structure.', 'Algorthim Structure', 2),
	(18, 'You\'re now become the high data analysis also data engineer, you got this skill that you now the best working with data', 'Data Science', 2),
	(19, 'Analyzing invoke about data is so hard and important. The data now is large and need the number of employees who knows about processing and analysis. You have to know some tools also applying machine learning to train data ', 'Data Analysis', 2),
	(20, 'A NoSQL type. MongoDB is NoSQL Database about document. This NoSQL database is most of popular developers using.', 'MongoDB', 2),
	(21, 'A NoSQL type. Neo4J is NoSQL Database about graph. To be learn good about this database, you maybe need the some knownledge about graphing before learn this.', 'Neo4J', 2),
	(22, 'A NoSQL type. Cassandra is NoSQL Database about column database. This database is using the most of popular about invoking in handle the large data. If you want to solve the large data (like big data), you can think this database.', 'Cassandra', 2),
	(23, 'Make packing all the applications into the container', 'Docker', 2),
	(24, 'You must be good how to design the beautiful Mobile UI', 'ReactJS', 0);

-- Dumping data for table works.users_roles: ~0 rows (approximately)

/*!40103 SET TIME_ZONE=IFNULL(@OLD_TIME_ZONE, 'system') */;
/*!40101 SET SQL_MODE=IFNULL(@OLD_SQL_MODE, '') */;
/*!40014 SET FOREIGN_KEY_CHECKS=IFNULL(@OLD_FOREIGN_KEY_CHECKS, 1) */;
/*!40101 SET CHARACTER_SET_CLIENT=@OLD_CHARACTER_SET_CLIENT */;
/*!40111 SET SQL_NOTES=IFNULL(@OLD_SQL_NOTES, 1) */;
